SalePrice,PredictedPrice,OverallQual,GrLivArea,GarageCars,GarageArea,TotalBsmtSF,Neighborhood,HouseStyle,BldgType
208500,199764.33,7,1710,2,548,856,CollgCr,2Story,1Fam
181500,179041.17,6,1262,2,460,1262,Veenker,1Story,1Fam
223500,213444.02,7,1786,2,608,920,CollgCr,2Story,1Fam
140000,161020.81,7,1717,3,642,756,Crawfor,2Story,1Fam
250000,278514.72,8,2198,3,836,1145,NoRidge,2Story,1Fam
143000,134957.34,5,1362,2,480,796,Mitchel,1.5Fin,1Fam
307000,286512.25,8,1694,2,636,1686,Somerst,1Story,1Fam
200000,216297.64,7,2090,2,484,1107,NWAmes,2Story,1Fam
129900,146073.28,7,1774,2,468,952,OldTown,1.5Fin,1Fam
118000,117095.39,5,1077,1,205,991,BrkSide,1.5Unf,2fmCon
129500,128593.96,5,1040,1,384,1040,Sawyer,1Story,1Fam
345000,343970.1,9,2324,3,736,1175,NridgHt,2Story,1Fam
144000,122280.09,5,912,1,352,912,Sawyer,1Story,1Fam
279500,242163.28,7,1494,3,840,1494,CollgCr,1Story,1Fam
157000,145061.89,6,1253,1,352,1253,NAmes,1Story,1Fam
132000,171762.61,7,854,2,576,832,BrkSide,1.5Unf,1Fam
149000,142984.9,6,1004,2,480,1004,NAmes,1Story,1Fam
90000,95109.99,4,1296,2,516,0,Sawyer,1Story,Duplex
159000,148100.14,5,1114,2,576,1114,SawyerW,1Story,1Fam
139000,138448.17,5,1339,1,294,1029,NAmes,1Story,1Fam
325300,321808.44,8,2376,3,853,1158,NridgHt,2Story,1Fam
139400,137035.8,7,1108,1,280,637,IDOTRR,1.5Unf,1Fam
230000,238191.78,8,1795,2,534,1777,CollgCr,1Story,1Fam
129900,135355.03,5,1060,2,572,1040,MeadowV,1Story,TwnhsE
154000,134561.06,5,1060,1,270,1060,Sawyer,1Story,1Fam
256300,258603.44,8,1600,3,890,1566,NridgHt,1Story,1Fam
134800,133603.6,5,900,2,576,900,NAmes,1Story,1Fam
306000,303432.47,8,1704,3,772,1704,NridgHt,1Story,1Fam
207500,177578.3,5,1600,1,319,1484,NAmes,1Story,1Fam
68500,78391.5,4,520,1,240,520,BrkSide,1Story,1Fam
40000,111331.195,4,1317,1,250,649,IDOTRR,2Story,1Fam
149350,144335.3,5,1228,1,271,1228,Sawyer,1Story,1Fam
179900,196343.95,8,1234,2,484,1234,CollgCr,1Story,1Fam
165500,169718.34,5,1700,2,447,1398,NAmes,1Story,1Fam
277500,275719.53,9,1561,2,556,1561,NridgHt,1Story,TwnhsE
309000,312133.03,8,2452,3,691,1117,NridgHt,2Story,1Fam
145000,146589.2,5,1097,2,672,1097,CollgCr,1Story,1Fam
153000,152341.89,5,1297,2,498,1297,NAmes,1Story,1Fam
109000,130176.08,5,1057,1,246,1057,NAmes,1Story,1Fam
82000,84332.13,4,1152,0,0,0,Edwards,1Story,Duplex
160000,158327.89,6,1324,2,440,1088,NAmes,1Story,1Fam
170000,162642.06,5,1328,1,308,1350,Timber,1Story,1Fam
144000,138484.75,5,884,2,504,840,SawyerW,SFoyer,1Fam
130250,127672.36,5,938,1,308,938,CollgCr,1Story,1Fam
141000,138648.97,5,1150,1,300,1150,NAmes,1Story,1Fam
319900,315295.9,9,1752,2,576,1752,NridgHt,1Story,TwnhsE
239686,243094.11,7,2149,2,670,1434,Mitchel,1.5Fin,1Fam
249700,261392.55,8,1656,3,826,1656,Somerst,1Story,1Fam
113000,111114.914,4,1452,0,0,736,OldTown,2Story,2fmCon
127000,117722.23,5,955,1,386,955,Sawyer,1Story,1Fam
177000,175840.42,6,1470,2,388,794,Gilbert,2Story,1Fam
114500,135383.61,6,1176,2,528,816,BrkSide,1.5Fin,1Fam
110000,110935.01,5,816,2,516,816,IDOTRR,1Story,Duplex
385000,382307.3,9,1842,3,894,1842,Veenker,1Story,1Fam
130000,137440.66,5,1360,2,572,384,NAmes,SLvl,1Fam
180500,172267.11,6,1425,2,576,1425,NAmes,1Story,1Fam
172500,211224.36,8,1739,2,480,970,Somerst,2Story,Twnhs
196500,203853.89,7,1720,2,565,860,CollgCr,2Story,1Fam
438780,416640.62,10,2945,3,641,1410,StoneBr,2Story,1Fam
124900,123115.41,5,780,1,352,780,CollgCr,1Story,1Fam
158000,163991.9,6,1158,2,576,1158,SawyerW,1Story,1Fam
101000,101626.766,5,1111,1,288,530,IDOTRR,2.5Unf,1Fam
202500,210356.95,8,1370,2,484,1370,NridgHt,1Story,TwnhsE
140000,157964.78,7,1710,2,480,576,OldTown,2Story,1Fam
219500,226021.38,7,2034,2,645,1057,CollgCr,2Story,1Fam
317000,331399.75,8,2473,3,852,1143,NridgHt,2Story,1Fam
180000,205369.16,7,2207,2,576,1947,NAmes,1Story,1Fam
226000,200715.08,7,1479,2,558,1453,CollgCr,1Story,1Fam
80000,82259.266,4,747,1,220,747,OldTown,1Story,1Fam
225000,248693.05,7,2287,2,667,1304,ClearCr,1.5Fin,1Fam
244000,226704.56,7,2223,2,516,2223,NAmes,1Story,1Fam
129500,113588.73,4,845,2,360,845,Mitchel,1Story,1Fam
185000,194743.05,7,1718,2,427,832,Gilbert,2Story,1Fam
144900,146013.88,5,1086,2,490,1086,NAmes,1Story,1Fam
107400,108547.21,3,1605,1,379,840,OldTown,2Story,1Fam
91000,97295.32,4,988,1,297,462,MeadowV,SLvl,Twnhs
135750,113518.72,4,952,1,283,952,NAmes,1Story,1Fam
127000,118312.76,5,1285,1,240,672,BrkSide,1.5Fin,1Fam
136500,140417.11,4,1768,0,0,1768,Sawyer,1Story,Duplex
110000,109558.234,5,1230,2,440,440,OldTown,2Story,1Fam
193500,182113.56,6,2142,1,509,896,NAmes,2Story,1Fam
153500,164435.64,6,1337,2,405,1237,Mitchel,1Story,TwnhsE
245000,246833.0,8,1563,3,758,1563,Somerst,1Story,1Fam
126500,141238.28,5,1065,2,461,1065,NAmes,1Story,1Fam
168500,171274.02,7,1474,2,400,384,Gilbert,SLvl,1Fam
260000,267597.7,8,2417,2,462,1288,NoRidge,2Story,1Fam
174000,181008.8,6,1560,2,400,684,Gilbert,2Story,1Fam
164500,154837.88,6,1224,2,528,612,Somerst,2Story,TwnhsE
85000,92837.44,3,1526,0,0,1013,IDOTRR,1.5Fin,1Fam
123600,114944.41,4,990,0,0,990,CollgCr,1Story,1Fam
109900,96820.125,4,1040,2,420,0,NAmes,1Story,1Fam
98600,146466.33,5,1235,2,480,1235,NAmes,1Story,1Fam
163500,148631.56,5,964,2,432,876,Crawfor,1Story,1Fam
133900,139259.83,6,2291,2,506,1214,OldTown,2.5Unf,2fmCon
204750,202427.92,6,1786,2,684,824,CollgCr,2Story,1Fam
185000,177034.97,6,1470,2,420,680,Gilbert,2Story,1Fam
214000,216110.98,7,1588,2,472,1588,CollgCr,1Story,1Fam
94750,104944.086,4,960,1,432,960,Edwards,1Story,1Fam
83000,90122.97,5,835,1,366,458,Edwards,1Story,1Fam
128950,104127.07,4,1225,0,0,950,NAmes,1Story,1Fam
205000,189689.38,6,1610,2,480,1610,NWAmes,1Story,1Fam
178000,179766.44,6,1732,2,476,741,SawyerW,2Story,1Fam
118964,126834.49,5,1535,2,410,0,SawyerW,1Story,Duplex
198900,196922.78,7,1226,3,740,1226,CollgCr,1Story,1Fam
169500,173424.69,7,1818,1,240,1040,IDOTRR,1.5Fin,1Fam
250000,260598.3,8,1992,2,648,1053,Somerst,2Story,1Fam
100000,97340.97,4,1047,1,273,641,OldTown,1Story,1Fam
115000,104229.695,5,789,1,250,789,OldTown,1Story,1Fam
115000,119320.84,5,1517,0,0,793,IDOTRR,1.5Fin,1Fam
190000,196536.3,6,1844,2,546,1844,NWAmes,1Story,1Fam
136900,154124.02,6,1855,1,325,994,Edwards,1.5Fin,1Fam
180000,173579.34,7,1430,2,400,384,Gilbert,SLvl,1Fam
383970,363407.9,7,2696,3,792,1264,CollgCr,2Story,1Fam
217000,225472.23,6,2259,2,450,1809,Crawfor,1Story,1Fam
259500,240112.8,6,2320,1,180,1028,Crawfor,2Story,1Fam
176000,160541.48,6,1458,2,440,729,Somerst,2Story,TwnhsE
139000,140182.14,5,1092,1,288,1092,Sawyer,1Story,1Fam
155000,145405.36,5,1125,2,430,1125,Edwards,1Story,1Fam
320000,316219.06,7,3222,3,594,1673,SawyerW,2Story,1Fam
163990,169175.12,6,1456,2,390,728,CollgCr,2Story,1Fam
180000,173331.42,6,988,2,540,938,ClearCr,SLvl,1Fam
100000,105110.414,4,1123,1,264,732,IDOTRR,1.5Fin,1Fam
136000,133889.81,6,1080,1,288,1080,NAmes,1Story,1Fam
153900,164081.66,6,1199,2,530,1199,SawyerW,1Story,TwnhsE
181000,184990.39,6,1586,2,435,1362,NWAmes,1Story,1Fam
84500,82937.4,6,754,0,0,520,IDOTRR,1.5Fin,2fmCon
128000,140364.16,6,958,2,440,1078,NPkVill,1Story,TwnhsE
87000,88954.99,5,840,0,0,672,OldTown,1.5Unf,1Fam
155000,144047.84,6,1348,2,453,660,NAmes,2Story,1Fam
150000,145536.25,5,1053,2,750,1008,NAmes,1Story,1Fam
226000,221238.36,7,2157,2,487,924,NAmes,2Story,1Fam
244000,218594.23,6,2054,2,390,992,Gilbert,2Story,1Fam
150750,146091.11,5,1327,2,624,1063,NAmes,1Story,1Fam
220000,218482.02,8,1296,2,471,1267,Timber,1Story,1Fam
180000,175451.38,5,1721,2,440,1461,Sawyer,1Story,1Fam
174000,189751.64,7,1682,2,530,1304,NWAmes,1Story,1Fam
143000,142131.16,5,1214,1,318,1214,NAmes,1Story,1Fam
171000,179213.28,7,1959,3,766,1907,Mitchel,1Story,Duplex
230000,232952.58,8,1852,3,660,1004,CollgCr,2Story,1Fam
231500,196585.38,6,1764,2,470,928,CollgCr,2Story,1Fam
115000,102300.0,4,864,0,0,864,NAmes,1Story,1Fam
260000,243467.38,7,1734,2,660,1734,CollgCr,1Story,1Fam
166000,150893.27,5,1385,2,720,910,NAmes,1.5Fin,1Fam
204000,212378.67,7,1501,2,577,1490,CollgCr,1Story,1Fam
125000,143566.44,5,1728,2,504,1728,Sawyer,1Story,Duplex
130000,139023.95,6,1709,2,380,970,Edwards,2Story,Twnhs
105000,100684.32,5,875,1,180,715,BrkSide,1Story,1Fam
222500,226500.61,7,2035,2,434,884,Gilbert,2Story,1Fam
141000,141429.42,7,1080,0,0,1080,SawyerW,1Story,1Fam
115000,124254.22,5,1344,1,240,896,BrkSide,1.5Fin,1Fam
122000,132984.42,5,969,2,440,969,CollgCr,1Story,1Fam
372402,332110.5,8,1710,3,866,1710,NridgHt,1Story,1Fam
190000,193036.44,6,1993,2,495,825,NWAmes,2Story,1Fam
235000,231435.94,6,1252,2,564,1602,ClearCr,1Story,1Fam
125000,134317.31,6,1200,1,312,1200,OldTown,1Story,1Fam
79000,84659.055,6,1096,0,0,572,Edwards,1.5Fin,1Fam
109500,113355.23,5,1040,2,625,0,NAmes,1Story,1Fam
269500,259145.8,8,1968,3,680,774,Timber,2Story,1Fam
254900,240956.92,7,1947,2,678,991,Somerst,2Story,1Fam
320000,300261.53,7,2462,2,576,1392,Gilbert,2Story,1Fam
162500,164211.77,6,1232,2,516,1232,Veenker,1Story,1Fam
412500,405754.56,9,2668,3,726,1572,NridgHt,2Story,1Fam
220000,219501.97,7,1541,2,532,1541,NridgHt,1Story,1Fam
103200,83639.234,4,882,0,0,882,OldTown,1.5Unf,1Fam
152000,139713.23,6,1616,1,216,1149,OldTown,1Story,1Fam
127500,114936.29,5,1355,0,0,644,Edwards,1.5Fin,2fmCon
190000,196469.88,5,1867,1,303,1617,ClearCr,1Story,1Fam
325624,328372.94,8,2161,3,789,1582,NridgHt,2Story,1Fam
183500,197304.86,7,1720,2,440,840,Gilbert,2Story,1Fam
228000,261608.36,8,1707,2,511,1686,Timber,1Story,1Fam
128500,131743.95,5,1382,2,660,720,OldTown,1.5Fin,1Fam
215000,181556.48,6,1656,2,528,1080,NAmes,1Story,1Fam
239000,210858.27,7,1767,2,504,1064,StoneBr,2Story,TwnhsE
163000,164856.77,6,1362,2,504,1362,NAmes,1Story,1Fam
184000,191788.73,6,1651,2,616,1606,Timber,1Story,1Fam
243000,223747.98,6,2158,2,576,1202,Edwards,1Story,1Fam
211000,219418.39,6,2060,2,521,1151,ClearCr,2Story,1Fam
172500,159825.62,5,1920,2,451,1052,Sawyer,1.5Fin,1Fam
501837,493270.44,9,2234,3,1166,2216,StoneBr,1Story,1Fam
100000,104977.33,5,968,2,480,968,OldTown,1Story,1Fam
177000,173231.95,6,1525,2,440,756,Somerst,2Story,Twnhs
200100,204987.17,7,1802,1,216,793,Crawfor,2Story,1Fam
120000,104852.96,5,1340,1,252,0,Edwards,1Story,1Fam
200000,201193.4,7,2082,2,484,1362,OldTown,1.5Fin,1Fam
127000,121053.0,5,1252,2,576,504,BrkSide,1.5Fin,1Fam
475000,472299.56,10,3608,3,840,1107,OldTown,2.5Fin,1Fam
173000,181290.4,7,1217,2,497,1188,Mitchel,SLvl,1Fam
135000,126094.086,5,1656,1,180,660,OldTown,1.5Fin,1Fam
153337,148105.39,5,1224,2,528,1086,SawyerW,SFoyer,Duplex
286000,271070.03,8,1593,2,682,1593,StoneBr,1Story,TwnhsE
315000,317933.97,8,2727,2,440,853,Crawfor,2Story,1Fam
184000,172580.22,7,1479,2,484,725,NAmes,2Story,1Fam
192000,205012.75,7,1431,2,666,1431,CollgCr,1Story,1Fam
130000,133919.98,7,1709,2,380,970,Edwards,2Story,Twnhs
127000,123689.29,5,864,1,352,864,CollgCr,1Story,1Fam
148500,154489.83,6,1456,2,440,855,NPkVill,2Story,Twnhs
311872,252918.98,7,1726,3,786,1726,Somerst,1Story,1Fam
235000,241375.5,8,3112,2,795,1360,NAmes,2Story,1Fam
104000,132502.75,6,2229,0,0,755,OldTown,2.5Fin,1Fam
274900,294194.2,8,1713,3,856,1713,NridgHt,1Story,1Fam
140000,141411.39,4,1121,2,440,1121,Edwards,1Story,1Fam
171500,165556.31,6,1279,2,473,1196,Mitchel,1Story,1Fam
112000,117381.74,6,1310,1,398,617,OldTown,1.5Fin,1Fam
149000,137781.67,6,848,2,420,848,CollgCr,1Story,TwnhsE
110000,112670.94,5,1284,1,240,720,OldTown,1.5Fin,1Fam
180500,190170.62,7,1442,2,500,1424,Gilbert,1Story,1Fam
143900,142169.03,5,1696,1,349,1140,Sawyer,1Story,1Fam
141000,136310.36,4,1100,1,312,1100,NAmes,1Story,1Fam
277000,240962.1,7,2062,2,454,1157,SawyerW,2Story,1Fam
145000,149576.47,6,1092,2,504,1092,NAmes,1Story,1Fam
98000,102346.164,5,864,0,0,864,Edwards,1Story,1Fam
186000,165573.89,6,1212,2,460,1212,Edwards,1Story,1Fam
252678,238797.3,7,1852,2,644,900,Somerst,2Story,1Fam
156000,142899.28,5,990,2,576,990,CollgCr,1Story,1Fam
161750,138947.31,6,1392,1,299,689,CollgCr,2Story,1Fam
134450,134757.94,5,1236,1,447,1070,NAmes,1Story,1Fam
210000,193729.0,7,1436,2,484,1436,CollgCr,1Story,1Fam
107000,107626.26,4,1328,1,210,686,OldTown,2Story,1Fam
311500,212414.86,7,1954,2,431,798,Crawfor,1.5Fin,1Fam
167240,176916.84,7,1248,2,438,1248,Blmngtn,1Story,TwnhsE
204900,239291.3,7,1498,2,675,1498,CollgCr,1Story,1Fam
200000,215535.16,6,2267,2,390,1010,Gilbert,2Story,1Fam
179900,178528.89,6,1552,2,434,713,NWAmes,2Story,1Fam
97000,111341.1,4,864,2,576,864,NAmes,1Story,1Fam
386250,399391.1,10,2392,3,968,2392,NridgHt,1Story,1Fam
112000,111914.39,5,1302,1,280,630,BrDale,2Story,Twnhs
290000,283160.16,7,2520,3,721,1203,NoRidge,2Story,1Fam
106000,92312.75,6,987,1,280,483,BrDale,2Story,Twnhs
125000,125590.7,5,912,1,336,912,Sawyer,1Story,1Fam
192500,197179.38,7,1555,2,430,1373,Blmngtn,1Story,TwnhsE
148000,146997.4,6,1194,1,312,1194,NAmes,1Story,1Fam
403000,436422.4,8,2794,3,810,1462,NoRidge,2Story,1Fam
94500,94810.11,6,987,1,288,483,BrDale,2Story,Twnhs
128200,127328.0,5,894,1,308,894,CollgCr,1Story,1Fam
216500,200832.84,6,1960,2,440,860,Gilbert,2Story,1Fam
89500,91457.08,6,987,1,264,483,BrDale,2Story,TwnhsE
185500,186854.89,7,1414,2,494,1414,CollgCr,1Story,1Fam
194500,202870.1,7,1744,2,457,996,SawyerW,2Story,1Fam
318000,302411.9,8,1694,3,818,1694,NridgHt,1Story,1Fam
113000,132076.45,6,1487,1,220,735,Edwards,1.5Fin,1Fam
262500,249992.6,8,1566,2,750,1566,Somerst,1Story,1Fam
110500,93631.56,5,866,0,0,686,OldTown,1Story,1Fam
79000,102153.27,5,1440,1,352,540,OldTown,1.5Fin,1Fam
120000,117748.59,6,1217,1,288,626,SawyerW,2Story,TwnhsE
205000,227925.11,7,2110,2,463,948,SawyerW,2Story,1Fam
241500,242630.67,7,1872,2,604,1845,NWAmes,1Story,1Fam
137000,127651.46,6,1928,1,440,1020,OldTown,2Story,2fmCon
140000,165521.94,6,1375,2,451,1367,NAmes,1Story,1Fam
180000,189402.53,7,1668,2,500,840,CollgCr,2Story,1Fam
277000,265067.2,6,2144,2,389,1444,ClearCr,1.5Fin,1Fam
76500,82391.67,3,1306,0,0,728,BrkSide,1Story,1Fam
235000,253389.94,8,1625,2,538,1573,Crawfor,1Story,TwnhsE
173000,179897.22,6,1640,2,520,798,SawyerW,2Story,1Fam
158000,158053.0,6,1302,1,309,1302,NAmes,SLvl,1Fam
145000,148556.75,5,1314,1,294,1314,NAmes,1Story,1Fam
230000,231982.55,7,2291,2,429,975,Gilbert,2Story,1Fam
207500,206365.97,6,1728,2,673,864,Somerst,2Story,1Fam
220000,223317.9,7,1604,2,660,1604,CollgCr,1Story,1Fam
231500,212764.77,7,1792,2,564,963,CollgCr,2Story,1Fam
97000,103010.45,5,882,1,308,0,OldTown,1Story,1Fam
176000,174617.98,6,1382,2,884,1362,NAmes,SLvl,1Fam
276000,351201.2,8,2574,3,868,1482,CollgCr,2Story,1Fam
151000,149165.64,6,1212,2,492,506,Sawyer,SLvl,1Fam
130000,124820.77,5,1316,2,484,926,OldTown,1.5Fin,1Fam
73000,85139.07,5,764,2,504,680,OldTown,1Story,1Fam
175500,172026.31,6,1422,2,576,1422,NWAmes,1Story,1Fam
185000,181494.0,6,1511,2,413,802,Gilbert,2Story,1Fam
179500,173467.44,5,2192,1,240,720,SWISU,2.5Fin,1Fam
120500,117496.36,5,778,1,924,740,IDOTRR,1Story,1Fam
148000,142554.72,6,1113,1,504,1143,Edwards,1Story,1Fam
266000,270599.44,8,1939,3,1053,1095,Somerst,2Story,1Fam
241500,208673.22,7,1363,2,439,1385,ClearCr,1Story,1Fam
290000,283139.4,8,2270,3,671,1152,NoRidge,2Story,1Fam
139000,144312.89,6,1632,1,338,1240,NAmes,1Story,1Fam
124500,121176.03,5,816,1,264,816,Mitchel,1Story,1Fam
205000,198041.17,7,1548,2,672,952,BrkSide,1.5Fin,1Fam
201000,215225.06,7,1560,2,573,1560,Mitchel,1Story,1Fam
141000,113369.26,4,864,2,400,864,Gilbert,1Story,1Fam
415298,405929.4,9,2121,3,732,2121,NridgHt,1Story,1Fam
192000,224477.38,7,2022,2,505,1160,ClearCr,2Story,1Fam
228500,215809.75,7,1982,2,575,807,SawyerW,2Story,1Fam
185000,184435.56,6,1262,2,572,1262,Somerst,1Story,1Fam
207500,212223.62,7,1314,2,626,1314,NridgHt,1Story,Twnhs
244600,251259.58,8,1468,3,898,1468,Somerst,1Story,1Fam
179200,181075.36,6,1575,2,529,1575,SawyerW,1Story,TwnhsE
164700,165870.05,7,1250,2,528,625,Somerst,2Story,TwnhsE
159000,173371.02,6,1734,2,440,912,NAmes,1.5Fin,1Fam
88000,101266.86,4,858,0,0,858,NAmes,1Story,1Fam
122000,121997.45,5,900,1,280,882,Sawyer,1Story,1Fam
153575,130785.59,6,1396,1,384,698,BrkSide,2Story,1Fam
233230,241952.92,8,1919,2,685,1079,CollgCr,2Story,1Fam
135900,138625.4,5,1716,0,0,780,SWISU,2Story,2fmCon
131000,130866.9,5,1716,1,281,768,Edwards,1.5Fin,1Fam
235000,226738.8,7,2263,2,539,795,NWAmes,2Story,1Fam
167000,180297.16,6,1644,2,418,1416,NAmes,1Story,1Fam
142500,149634.47,6,1003,2,588,1003,Mitchel,SLvl,1Fam
152000,144328.94,5,1558,1,282,910,IDOTRR,1.5Fin,1Fam
239000,239412.98,7,1950,2,576,975,Somerst,2Story,1Fam
175000,179971.86,6,1743,2,539,702,NWAmes,2Story,1Fam
158500,163088.69,6,1152,1,300,1092,Crawfor,1Story,1Fam
157000,156866.94,5,1336,1,375,1165,Crawfor,1Story,2fmCon
267000,271762.6,8,2452,2,683,1028,CollgCr,2Story,1Fam
205000,223982.42,7,1541,3,843,1541,CollgCr,1Story,1Fam
149900,137639.72,5,894,2,552,894,CollgCr,1Story,1Fam
295000,296357.44,7,3493,3,870,1470,OldTown,2.5Fin,1Fam
305900,305549.66,8,2000,3,888,2000,CollgCr,1Story,1Fam
225000,210274.28,7,2243,3,746,700,SawyerW,2Story,1Fam
89500,93621.15,6,1406,0,0,319,IDOTRR,1.5Fin,1Fam
82500,104110.055,4,861,2,539,861,Edwards,1Story,1Fam
360000,369417.84,9,1944,3,708,1896,NridgHt,1Story,1Fam
165600,182151.52,6,1501,2,420,697,Gilbert,2Story,1Fam
132000,127906.07,6,972,1,240,972,NAmes,1Story,1Fam
119900,118057.82,5,1118,2,410,793,OldTown,1.5Fin,2fmCon
375000,352172.8,7,2036,2,513,2136,Timber,1Story,1Fam
178000,177817.6,7,1641,2,546,728,OldTown,2Story,1Fam
188500,177658.33,7,1432,2,432,716,Gilbert,2Story,1Fam
260000,206751.31,7,2353,2,484,845,NWAmes,2Story,1Fam
270000,268396.56,8,1959,3,1025,1088,Somerst,2Story,1Fam
260000,274580.97,7,2646,3,656,1347,NoRidge,2Story,1Fam
187500,180743.3,7,1472,2,588,1372,NWAmes,SLvl,1Fam
342643,353043.06,9,2596,3,840,1249,NridgHt,2Story,1Fam
354000,334682.25,8,2468,3,872,1136,NridgHt,2Story,1Fam
301000,287504.88,7,2730,2,576,1502,SawyerW,2Story,1Fam
126175,118706.99,3,1163,1,220,1162,OldTown,1Story,1Fam
242000,189769.72,7,2978,2,564,710,NAmes,SLvl,1Fam
87000,89240.79,5,803,2,360,720,IDOTRR,1.5Unf,1Fam
324000,322618.12,8,1719,2,473,1719,Veenker,1Story,TwnhsE
145250,152148.27,6,1383,1,292,1383,NAmes,1Story,1Fam
214500,204804.97,6,2134,2,441,844,BrkSide,2.5Unf,1Fam
78000,85986.945,5,1192,1,189,596,IDOTRR,2Story,1Fam
119000,130697.53,5,1728,1,352,1728,NAmes,1Story,Duplex
139000,137328.9,5,1056,1,308,1056,NAmes,1Story,1Fam
284000,305749.5,8,1629,3,880,3206,NridgHt,1Story,1Fam
207000,205337.84,7,1358,2,484,1358,NridgHt,1Story,TwnhsE
192000,181807.84,6,1638,2,472,943,Gilbert,2Story,1Fam
228950,212592.73,5,1786,2,529,1499,Timber,1.5Fin,2fmCon
377426,382057.6,9,1922,3,676,1922,StoneBr,1Story,1Fam
214000,218926.5,7,1536,2,532,1536,CollgCr,1Story,1Fam
202500,186868.98,7,1621,2,440,1208,NWAmes,1Story,1Fam
155000,146055.92,6,1215,1,297,1215,NAmes,1Story,1Fam
202900,214151.03,8,1908,2,431,967,Timber,2Story,1Fam
82000,97994.16,4,841,1,294,721,SawyerW,1Story,1Fam
87500,88592.11,3,1040,2,400,0,NAmes,1Story,Duplex
266000,280351.22,9,1684,2,564,1684,NridgHt,1Story,TwnhsE
85000,100232.484,5,1112,1,336,536,MeadowV,2Story,TwnhsE
140200,140801.72,6,1577,1,312,972,BrkSide,1.5Fin,1Fam
151500,129857.2,6,958,1,301,958,NAmes,1Story,1Fam
157500,165483.67,6,1478,2,498,1478,NAmes,1Story,1Fam
154000,166609.4,7,1626,2,474,764,NridgHt,2Story,Twnhs
437154,436979.25,9,2728,3,706,1848,NridgHt,2Story,1Fam
318061,308673.94,9,1869,2,617,1869,NridgHt,1Story,TwnhsE
190000,220434.39,7,1453,2,445,1453,ClearCr,1Story,1Fam
95000,97300.12,5,1111,1,200,616,Edwards,1.5Fin,1Fam
105900,96407.266,6,720,2,484,624,OldTown,1Story,1Fam
140000,139445.92,6,1595,1,240,940,SWISU,1.5Fin,1Fam
177500,169952.16,6,1200,2,521,1200,CollgCr,1Story,1Fam
173000,165312.11,6,1167,2,400,1158,Gilbert,1Story,1Fam
134000,138833.34,5,1142,2,528,1142,MeadowV,1Story,TwnhsE
130000,161393.56,5,1352,1,288,1062,ClearCr,SLvl,1Fam
280000,271758.06,8,1924,2,592,1086,NoRidge,2Story,1Fam
156000,148314.36,6,912,2,470,888,Mitchel,SFoyer,1Fam
145000,139752.47,5,1505,1,240,883,BrkSide,1.5Fin,1Fam
198500,200747.61,7,1922,2,672,0,Edwards,SFoyer,1Fam
118000,90886.0,6,987,1,264,483,BrDale,2Story,Twnhs
190000,184494.05,6,1574,2,566,796,NWAmes,2Story,1Fam
147000,122856.055,5,1344,1,468,672,IDOTRR,2Story,1Fam
159000,163400.34,6,1394,2,514,1394,NAmes,1Story,1Fam
165000,148862.92,6,1431,1,296,1099,NAmes,SLvl,1Fam
132000,141723.22,5,1268,1,244,1268,NAmes,1Story,1Fam
162000,145710.78,5,1287,2,576,1063,NAmes,1Story,1Fam
172400,179327.2,6,1664,2,460,953,Gilbert,2Story,1Fam
134432,176329.14,4,1588,2,680,0,ClearCr,1.5Fin,1Fam
125000,109019.164,6,752,1,264,744,SawyerW,1Story,TwnhsE
123000,125530.266,5,1319,1,270,608,NAmes,1Story,1Fam
219500,208884.25,7,1928,2,434,847,CollgCr,2Story,1Fam
61000,63740.33,1,904,0,0,683,Edwards,1Story,1Fam
148000,144566.95,5,914,2,576,870,CollgCr,SFoyer,1Fam
340000,341159.8,8,2466,2,610,1580,Somerst,2Story,1Fam
394432,387530.97,9,1856,3,834,1856,StoneBr,1Story,1Fam
179000,186838.56,6,1800,2,463,982,Gilbert,2Story,1Fam
127000,138844.81,5,1691,1,308,1026,SWISU,1.5Fin,1Fam
187750,200353.58,7,1301,2,572,1293,Somerst,1Story,1Fam
213500,211291.62,7,1797,2,639,939,CollgCr,2Story,1Fam
76000,99140.6,6,784,2,360,784,SawyerW,1.5Unf,1Fam
240000,235305.78,6,1953,2,501,1580,ClearCr,2Story,1Fam
192000,192084.05,8,1269,2,430,1256,Blmngtn,1Story,TwnhsE
81000,98059.3,5,1184,0,0,658,Edwards,1.5Fin,1Fam
125000,135728.36,6,1125,1,352,1041,Edwards,SLvl,1Fam
191000,206045.28,7,1479,2,577,1468,CollgCr,1Story,1Fam
426000,418101.3,10,2332,3,846,1682,NridgHt,2Story,1Fam
119000,114606.74,5,1367,1,384,861,Edwards,1.5Fin,1Fam
215000,196371.69,6,1961,2,560,804,Mitchel,2Story,1Fam
106500,100575.32,5,882,1,294,0,NAmes,1Story,1Fam
100000,81194.34,4,788,0,0,788,BrkSide,1Story,1Fam
109000,102558.45,5,1034,1,240,735,OldTown,1.5Fin,1Fam
129000,136535.44,5,1144,1,596,1144,Edwards,1Story,1Fam
123000,136147.52,5,894,2,600,894,CollgCr,1Story,1Fam
169500,145309.2,5,1812,1,264,864,NAmes,2Story,1Fam
67000,116643.18,5,1077,1,338,961,IDOTRR,1Story,1Fam
241000,212997.42,7,1550,2,438,1092,Somerst,2Story,1Fam
245500,241129.02,8,1288,2,500,1260,Veenker,1Story,TwnhsE
164990,177959.02,7,1310,2,400,1310,CollgCr,1Story,1Fam
108000,111931.305,5,672,1,240,672,Sawyer,1Story,1Fam
258000,255386.38,8,2263,2,420,1141,NoRidge,2Story,1Fam
168000,171307.81,6,1572,2,373,806,Gilbert,2Story,1Fam
150000,159854.78,4,1620,2,490,1281,Sawyer,1Story,1Fam
115000,136125.72,6,1639,1,240,1064,SWISU,1.5Fin,1Fam
177000,178758.27,6,1680,1,308,840,Crawfor,2Story,1Fam
280000,270914.84,7,2172,3,947,1063,NridgHt,2Story,1Fam
339750,310009.9,8,2078,3,836,1034,Somerst,2Story,1Fam
60000,108783.14,5,1276,1,350,1276,Edwards,1Story,1Fam
145000,139561.22,5,1056,2,572,1056,Gilbert,1Story,2fmCon
222000,216400.45,7,1478,2,484,1470,Somerst,1Story,1Fam
115000,107831.52,5,1028,2,360,1008,OldTown,1Story,1Fam
228000,246355.17,7,2097,3,678,1080,SawyerW,2Story,1Fam
181134,184357.52,7,1340,2,396,1340,Gilbert,1Story,1Fam
149500,151562.23,6,1400,2,440,672,Sawyer,2Story,1Fam
239000,243673.9,6,2624,3,864,1370,Crawfor,2Story,1Fam
126000,115407.32,5,1134,1,240,756,Edwards,1.5Fin,1Fam
142000,137914.81,5,1056,1,304,1056,NAmes,1Story,1Fam
206300,203555.11,7,1344,4,784,1344,Mitchel,SFoyer,Duplex
215000,194545.7,6,1602,2,529,1602,NWAmes,1Story,1Fam
113000,141220.83,5,988,2,520,988,Mitchel,1Story,1Fam
315000,364539.97,8,2630,3,696,1470,NoRidge,2Story,1Fam
139000,146428.61,6,1196,1,297,1196,NAmes,1Story,1Fam
135000,138698.77,7,1389,1,240,651,OldTown,2Story,1Fam
275000,225566.03,7,1644,2,569,1518,SawyerW,SLvl,1Fam
109008,113651.88,4,907,1,352,907,NAmes,1Story,1Fam
195400,191759.44,7,1208,2,628,1208,CollgCr,1Story,1Fam
175000,165038.14,6,1412,2,576,1392,Timber,1Story,1Fam
85400,90886.0,6,987,1,264,483,BrDale,2Story,Twnhs
79900,93208.55,6,1198,0,0,901,OldTown,1.5Fin,1Fam
122500,127489.35,5,1365,2,440,765,BrDale,2Story,TwnhsE
181000,181807.84,6,1604,2,470,926,Gilbert,2Story,1Fam
81000,81035.44,4,630,0,0,630,MeadowV,SFoyer,Twnhs
212000,200546.9,7,1661,2,550,799,CollgCr,2Story,1Fam
116000,119947.0,6,1118,2,440,648,OldTown,1.5Fin,1Fam
119000,116613.82,6,904,1,180,884,BrkSide,1.5Unf,1Fam
90350,94796.51,5,694,1,352,440,Crawfor,1Story,1Fam
110000,128508.76,6,1196,2,528,684,Edwards,1.5Fin,1Fam
555000,535715.8,10,2402,3,672,3094,NridgHt,1Story,1Fam
118000,136140.14,4,1440,0,0,1440,Edwards,1Story,Duplex
162900,153325.86,5,1573,2,360,1078,BrkSide,1.5Fin,1Fam
172500,178647.89,7,1258,3,648,1258,Blmngtn,1Story,TwnhsE
210000,210835.61,7,1908,2,493,915,CollgCr,2Story,1Fam
127500,168323.61,6,1689,2,480,1436,Edwards,1Story,1Fam
190000,192526.66,6,1888,2,578,1517,NAmes,1Story,1Fam
199900,212318.22,7,1886,2,431,930,Gilbert,2Story,1Fam
119500,119682.39,6,1376,1,198,780,IDOTRR,1.5Fin,1Fam
120000,108791.12,3,1183,1,308,649,OldTown,1.5Fin,1Fam
110000,113093.81,6,813,1,270,813,OldTown,1Story,1Fam
280000,248607.73,7,1533,2,576,1533,ClearCr,1Story,1Fam
204000,191945.77,6,1756,2,422,872,Timber,2Story,1Fam
210000,222722.52,8,1590,2,676,768,Somerst,2Story,1Fam
188000,153870.66,5,1728,2,560,1728,Mitchel,1Story,Duplex
175500,165792.06,7,1242,2,528,1242,NWAmes,1Story,1Fam
98000,114967.625,5,1344,3,513,624,OldTown,2Story,1Fam
256000,249061.31,4,1663,2,529,1364,ClearCr,1Story,1Fam
161000,159466.42,8,1666,1,228,588,OldTown,2Story,1Fam
110000,116553.07,5,1203,1,352,709,BrkSide,1.5Fin,1Fam
263435,254681.0,8,1935,2,552,832,Somerst,2Story,1Fam
155000,154987.6,7,1135,2,576,560,SWISU,2Story,1Fam
62383,111283.9,5,864,1,360,864,Sawyer,1Story,1Fam
188700,176766.03,6,1660,1,240,715,Crawfor,2Story,1Fam
124000,121836.63,5,1040,0,0,1040,CollgCr,1Story,1Fam
178740,179438.5,7,1414,2,398,1375,Blmngtn,1Story,TwnhsE
167000,177659.69,7,1277,2,526,1277,NAmes,1Story,1Fam
146500,142153.98,5,1644,1,312,728,NAmes,2Story,1Fam
250000,263906.06,8,1634,3,866,1626,NridgHt,1Story,1Fam
187000,180627.27,6,1710,2,506,832,SawyerW,2Story,1Fam
212000,239419.78,8,1502,2,528,1488,StoneBr,1Story,TwnhsE
190000,200690.3,7,1969,2,534,808,NWAmes,2Story,1Fam
148000,146057.8,6,1072,2,525,547,Edwards,SLvl,TwnhsE
440000,418964.44,8,1976,3,908,1976,NridgHt,1Story,1Fam
251000,260998.31,8,1652,2,499,1494,StoneBr,1Story,TwnhsE
132500,133384.1,5,970,2,624,970,Sawyer,1Story,1Fam
208900,194842.16,6,1493,2,508,1478,CollgCr,1Story,1Fam
380000,386917.72,9,2643,3,694,2153,NridgHt,2Story,1Fam
297000,269550.28,8,1718,3,826,1705,CollgCr,1Story,1Fam
89471,117548.72,4,1131,2,672,907,OldTown,1Story,1Fam
326000,328341.97,9,1850,3,772,1833,NridgHt,1Story,1Fam
374000,367212.22,9,1792,3,874,1792,NridgHt,1Story,1Fam
155000,150973.53,7,1826,1,164,910,OldTown,2Story,1Fam
164000,163782.28,6,1216,2,402,1216,Mitchel,1Story,Twnhs
132500,126625.945,5,999,1,264,999,Sawyer,1Story,1Fam
147000,138243.17,5,1113,1,264,1113,NAmes,1Story,1Fam
156000,144269.45,5,1073,2,515,1073,NAmes,1Story,1Fam
175000,171282.0,5,1484,2,487,1484,NWAmes,1Story,1Fam
160000,153384.95,5,2414,2,520,954,OldTown,1.5Fin,2fmCon
86000,85720.05,4,630,1,286,630,MeadowV,SFoyer,Twnhs
115000,102238.8,5,1304,1,336,264,MeadowV,2Story,TwnhsE
133000,138452.84,6,1578,1,240,806,NAmes,1.5Fin,1Fam
172785,173635.78,6,1456,2,429,728,Gilbert,2Story,1Fam
155000,141723.22,5,1269,1,308,1269,NAmes,1Story,1Fam
91300,94024.82,5,886,1,273,190,OldTown,1Story,1Fam
34900,48272.004,4,720,0,0,720,IDOTRR,1Story,1Fam
430000,427933.0,8,3228,2,546,3200,NoRidge,1Story,1Fam
184000,187271.27,7,1820,1,240,1026,BrkSide,1.5Fin,1Fam
130000,122357.41,5,899,1,288,864,Sawyer,1Story,1Fam
120000,121043.26,5,912,1,297,912,NAmes,1Story,1Fam
113000,116104.03,6,1218,1,264,672,BrDale,2Story,Twnhs
226700,229813.78,7,1768,2,603,866,Somerst,2Story,1Fam
140000,148193.05,5,1214,2,461,1214,Edwards,1Story,1Fam
289000,281136.72,7,1801,2,484,1501,Crawfor,1Story,1Fam
147000,141509.62,6,1322,2,440,855,NPkVill,2Story,TwnhsE
124500,118889.83,5,1960,2,400,960,OldTown,2Story,Duplex
215000,215708.86,8,1911,2,471,777,SawyerW,2Story,1Fam
208300,194424.34,6,1218,2,676,1218,Somerst,1Story,1Fam
161000,147396.4,7,1378,2,360,689,OldTown,2Story,1Fam
124500,131082.33,5,1041,1,270,1041,NAmes,1Story,1Fam
164900,143068.67,5,1363,1,288,1008,NAmes,1Story,1Fam
202665,195378.27,7,1368,2,474,1368,NridgHt,1Story,TwnhsE
129900,130635.7,5,864,2,624,864,NAmes,1Story,1Fam
134000,147112.02,6,1080,2,484,1084,Mitchel,1Story,1Fam
96500,100072.36,5,789,1,200,768,Crawfor,1.5Unf,1Fam
402861,402566.53,10,2020,3,900,2006,NridgHt,1Story,1Fam
158000,178482.4,6,2119,2,583,689,NWAmes,SLvl,1Fam
265000,276602.72,7,2344,3,889,1264,NoRidge,2Story,1Fam
211000,197382.53,6,1796,2,546,794,CollgCr,2Story,1Fam
234000,247120.27,7,2080,1,282,1276,Crawfor,2Story,1Fam
106250,100413.66,4,1294,0,0,0,OldTown,2Story,2fmCon
150000,143547.05,6,1244,1,336,1244,NAmes,1Story,1Fam
159000,180029.45,6,1664,2,420,1004,BrkSide,1.5Fin,1Fam
184750,186188.72,10,4676,3,884,3138,Edwards,2Story,1Fam
315750,299699.78,7,2398,3,834,1379,NoRidge,2Story,1Fam
176000,185247.03,7,1266,2,453,1257,Somerst,1Story,1Fam
132000,120572.13,5,928,1,252,928,NAmes,1Story,1Fam
446261,446129.9,9,2713,3,858,1452,NridgHt,2Story,1Fam
86000,82224.54,4,605,0,0,528,Edwards,1Story,1Fam
200624,239835.81,6,2515,2,484,2035,Crawfor,1Story,1Fam
175000,183586.64,6,1509,2,600,1461,Timber,SLvl,1Fam
128000,144262.08,6,1362,2,502,611,BrkSide,2Story,1Fam
107500,96336.16,5,827,1,392,0,NAmes,1Story,1Fam
39300,49614.93,1,334,0,0,0,BrkSide,1Story,1Fam
178000,181421.03,8,1414,2,403,707,Gilbert,2Story,1Fam
107500,145531.31,5,1347,0,0,1117,Edwards,2Story,2fmCon
188000,199487.64,7,1724,2,527,880,CollgCr,2Story,1Fam
111250,111341.1,4,864,2,576,864,NAmes,1Story,1Fam
158000,139868.39,5,1159,1,336,1051,Sawyer,1Story,1Fam
272000,260829.39,8,1601,2,670,1581,CollgCr,1Story,1Fam
315000,318256.75,9,1838,3,765,1838,Timber,1Story,1Fam
248000,249968.64,8,2285,3,648,969,NoRidge,2Story,1Fam
213250,212103.66,7,1680,2,583,1650,NWAmes,1Story,1Fam
133000,146212.83,7,767,1,367,723,NAmes,SFoyer,TwnhsE
179665,178625.27,7,1496,2,426,654,Gilbert,2Story,1Fam
229000,233491.34,7,2183,3,786,1204,NWAmes,1.5Fin,1Fam
210000,180073.31,6,1635,2,440,1065,BrkSide,1.5Fin,1Fam
129500,130143.73,5,768,2,624,768,Mitchel,SFoyer,1Fam
125000,126539.875,5,825,2,720,825,OldTown,1Story,1Fam
263000,254354.23,7,2094,2,615,912,Somerst,2Story,1Fam
140000,142699.45,6,1069,2,440,1069,NPkVill,1Story,TwnhsE
112500,107885.086,5,928,1,288,928,OldTown,1Story,1Fam
255500,280921.38,8,1717,3,908,1709,NridgHt,1Story,1Fam
108000,100474.39,4,1126,2,520,0,Edwards,1Story,1Fam
284000,251467.9,7,2046,3,871,998,NridgHt,2Story,1Fam
113000,119522.914,5,1048,1,280,993,BrkSide,1.5Unf,1Fam
141000,138312.38,5,1092,1,299,1092,NAmes,1Story,1Fam
108000,109134.086,4,1336,1,570,637,IDOTRR,1.5Fin,1Fam
175000,176550.83,7,1446,2,406,729,Gilbert,2Story,1Fam
234000,197553.64,7,1557,2,420,1374,Blmngtn,1Story,TwnhsE
121500,145711.03,5,1392,2,528,1392,Sawyer,1Story,1Fam
170000,154791.33,5,1389,2,418,1389,Mitchel,1Story,1Fam
108000,110317.414,5,996,0,0,996,Edwards,1Story,1Fam
185000,176442.72,6,1674,2,396,1163,Edwards,1.5Fin,1Fam
268000,265790.38,7,2295,2,590,1095,NoRidge,2Story,1Fam
128000,138402.69,6,1647,1,216,806,SWISU,2Story,1Fam
325000,325269.28,9,2504,3,656,1122,StoneBr,2Story,1Fam
214000,221027.75,7,1535,2,532,1517,NridgHt,1Story,1Fam
316600,308572.9,8,2132,2,612,1496,SawyerW,1.5Fin,1Fam
135960,136104.19,5,943,2,600,943,NAmes,SFoyer,Duplex
142600,140729.4,5,1728,2,576,1728,NAmes,1Story,Duplex
120000,124766.73,6,864,1,288,864,NAmes,1Story,1Fam
224500,209213.72,7,1692,2,650,846,Timber,2Story,1Fam
170000,173579.34,7,1430,2,400,384,Gilbert,SLvl,1Fam
139000,139588.62,5,1109,1,288,372,NAmes,SLvl,1Fam
118500,121462.836,5,1216,1,336,832,NAmes,1.5Fin,1Fam
145000,154029.83,7,1477,1,216,861,SWISU,1.5Fin,1Fam
164500,158151.4,5,1320,2,564,1164,Sawyer,SLvl,1Fam
146000,162321.17,7,1392,2,540,689,Somerst,2Story,TwnhsE
131500,124573.85,5,1795,1,352,1050,OldTown,1.5Fin,1Fam
181900,167400.86,6,1429,2,572,1144,NAmes,1Story,1Fam
253293,397656.53,8,2042,3,1390,2042,NridgHt,1Story,1Fam
118500,117119.19,6,816,0,0,816,Edwards,SFoyer,Duplex
325000,323909.2,10,2775,2,880,1237,OldTown,2.5Unf,1Fam
133000,129598.42,4,1573,1,240,884,BrkSide,1.5Fin,1Fam
369900,357034.84,8,2028,3,880,1868,Timber,1Story,1Fam
130000,120929.96,6,838,1,275,816,BrkSide,1Story,1Fam
137000,134894.88,5,860,2,528,840,Sawyer,SFoyer,1Fam
143000,205924.44,5,1473,1,452,1437,ClearCr,1Story,1Fam
79500,114696.28,5,935,1,308,742,BrkSide,1Story,1Fam
185900,178279.66,7,1582,2,520,770,CollgCr,2Story,1Fam
451950,421718.5,10,2296,3,842,1722,NridgHt,2Story,1Fam
138000,134090.28,5,816,2,816,816,Mitchel,1Story,1Fam
140000,137781.67,6,848,2,420,848,CollgCr,1Story,TwnhsE
110000,123145.04,5,924,1,280,924,CollgCr,1Story,1Fam
319000,309266.06,8,1826,3,758,1814,StoneBr,1Story,1Fam
114504,117130.1,6,1368,1,216,684,OldTown,2Story,1Fam
194201,174081.47,7,1402,3,648,1258,Blmngtn,1Story,TwnhsE
217500,201347.7,5,1647,2,621,1430,Crawfor,1Story,1Fam
151000,163676.81,6,1556,2,452,716,Blueste,2Story,Twnhs
275000,267942.28,8,1904,2,736,1058,NridgHt,2Story,1Fam
141000,137503.92,6,1375,1,544,780,IDOTRR,1.5Fin,1Fam
220000,229457.02,8,1915,2,506,908,SawyerW,2Story,1Fam
151000,153449.95,7,1200,2,480,600,Somerst,2Story,TwnhsE
221000,221865.1,7,1494,2,530,1494,CollgCr,1Story,1Fam
205000,194309.39,7,1986,2,486,768,NAmes,2Story,1Fam
152000,143802.2,5,1040,2,576,1040,CollgCr,1Story,1Fam
225000,146307.25,5,2008,1,230,896,Edwards,2Story,1Fam
359100,354944.16,8,3194,2,380,965,Crawfor,2Story,1Fam
118500,120874.42,4,1029,1,261,1029,Sawyer,1Story,1Fam
313000,311235.75,9,2153,3,736,1440,CollgCr,2Story,1Fam
148000,150834.12,6,1032,2,564,1032,NWAmes,SLvl,1Fam
261500,235861.78,8,1872,2,531,1299,CollgCr,2Story,1Fam
147000,125767.09,5,1120,0,0,1120,Mitchel,1Story,1Fam
75500,79680.74,4,630,0,0,630,MeadowV,SFoyer,TwnhsE
137500,140084.8,6,1054,2,480,936,NAmes,SFoyer,1Fam
183200,181269.25,6,1509,2,393,783,Gilbert,2Story,1Fam
105500,119307.2,6,832,2,528,832,NAmes,1.5Unf,1Fam
314813,324559.9,9,1828,3,774,1822,NridgHt,1Story,1Fam
305000,322268.7,8,2262,3,749,1482,Timber,2Story,1Fam
67000,71172.5,3,864,0,0,864,Edwards,1Story,1Fam
240000,241140.78,6,2614,2,624,1522,NWAmes,2Story,1Fam
135000,136070.06,5,980,2,484,980,Sawyer,1Story,1Fam
168500,167666.38,6,1512,2,440,756,Somerst,2Story,TwnhsE
165150,179615.05,6,1790,2,484,732,NWAmes,2Story,1Fam
160000,151487.47,6,1116,2,440,1116,NAmes,1Story,1Fam
139900,137731.11,5,1422,1,286,978,NAmes,1Story,1Fam
153000,149061.19,6,1520,1,364,1156,NAmes,SLvl,1Fam
135000,165253.53,5,2080,2,504,1040,NAmes,2Story,1Fam
168500,165154.42,6,1350,2,520,1248,NAmes,SLvl,1Fam
124000,123965.7,5,1750,1,240,636,OldTown,2Story,1Fam
209500,219905.72,8,1554,2,627,1554,NridgHt,1Story,Twnhs
82500,137727.47,7,1411,2,544,1386,NWAmes,1Story,1Fam
139400,133128.8,5,1056,1,260,1056,NAmes,1Story,1Fam
144000,133110.62,6,1056,2,576,1056,OldTown,SFoyer,Duplex
200000,199958.33,6,3395,0,0,1440,SWISU,2.5Fin,2fmCon
60000,59704.34,2,800,0,0,264,BrkSide,1Story,1Fam
93000,105153.26,5,1387,1,256,811,OldTown,1.5Fin,2fmCon
85000,94638.02,5,796,0,0,796,Edwards,1Story,1Fam
264561,256868.11,8,1567,3,648,1520,Blmngtn,1Story,TwnhsE
274000,261671.94,8,1518,2,588,1518,NridgHt,1Story,TwnhsE
226000,236500.25,7,1929,2,650,1057,Somerst,2Story,1Fam
345000,342055.9,8,2704,2,538,1952,NAmes,SLvl,1Fam
152000,152087.52,5,1620,2,462,780,NWAmes,2Story,1Fam
370878,364676.88,9,1766,3,478,1766,Somerst,1Story,1Fam
143250,146414.0,6,981,2,576,981,NAmes,1Story,1Fam
98300,108434.93,5,1048,2,420,0,NAmes,1Story,1Fam
155000,150472.22,6,1094,2,495,1094,Edwards,1Story,1Fam
155000,173437.66,6,1839,2,442,756,NAmes,2Story,1Fam
84500,81035.44,4,630,0,0,630,MeadowV,SFoyer,Twnhs
205950,211897.34,7,1665,2,562,813,Somerst,2Story,1Fam
108000,122510.2,4,1510,1,296,755,Edwards,2Story,1Fam
191000,193174.64,7,1716,2,512,880,CollgCr,2Story,1Fam
135000,137307.1,6,1469,1,216,756,IDOTRR,1.5Fin,1Fam
350000,358200.4,8,2113,3,839,2109,NoRidge,1Story,1Fam
88000,93245.94,6,1092,1,264,525,BrDale,2Story,Twnhs
145500,137897.7,5,1053,1,312,1053,NAmes,1Story,1Fam
149000,160254.3,7,1502,1,270,776,Crawfor,2Story,1Fam
97500,126510.62,6,1458,1,330,912,NAmes,1.5Fin,1Fam
167000,161052.78,5,1486,2,480,1486,Edwards,1Story,1Fam
197900,202970.38,7,1935,2,550,793,NWAmes,2Story,1Fam
402000,388762.88,8,2448,3,711,1629,NoRidge,2Story,1Fam
110000,159536.62,6,1392,2,576,1392,NAmes,1Story,1Fam
137500,138981.02,4,1181,2,588,1138,Edwards,SFoyer,1Fam
423000,408210.3,8,2097,3,1134,2077,Somerst,1Story,1Fam
230500,244303.73,8,1936,2,504,1406,Gilbert,2Story,1Fam
129000,165190.62,6,2380,2,596,1021,NAmes,2Story,1Fam
193500,186139.02,6,1679,2,575,1408,SawyerW,1Story,1Fam
168000,161209.78,5,1437,2,576,1188,Sawyer,1Story,1Fam
137500,117001.016,4,1180,1,252,700,Crawfor,1Story,1Fam
173500,172260.58,6,1476,2,540,738,CollgCr,2Story,1Fam
103600,124854.97,6,1369,1,300,672,Edwards,2Story,1Fam
165000,165595.2,6,1208,2,546,1208,Veenker,1Story,1Fam
257500,240640.39,6,1839,2,416,1477,Crawfor,1Story,1Fam
140000,139070.42,6,1136,1,384,1136,NAmes,1Story,1Fam
148500,154489.83,6,1441,2,440,855,NPkVill,2Story,Twnhs
87000,104767.21,4,1774,3,779,1095,OldTown,2Story,1Fam
109500,104229.695,5,792,1,240,768,OldTown,1Story,1Fam
372500,376302.75,8,2046,3,834,2046,StoneBr,1Story,1Fam
128500,137312.34,5,988,2,572,988,Sawyer,1Story,1Fam
143000,114060.914,6,923,1,264,923,SawyerW,1Story,TwnhsE
159434,145320.77,5,1520,1,281,793,SWISU,1.5Fin,1Fam
173000,193146.84,6,1291,2,431,1291,ClearCr,1Story,1Fam
285000,290421.5,9,1668,3,702,1626,CollgCr,1Story,1Fam
221000,225635.6,7,1839,2,486,1195,NoRidge,2Story,1Fam
207500,212056.58,7,2090,2,577,1190,StoneBr,2Story,TwnhsE
227875,225201.44,7,1761,2,578,874,Somerst,2Story,1Fam
148800,146246.11,7,1102,2,480,551,Somerst,2Story,TwnhsE
392000,343042.78,8,1419,2,567,1419,StoneBr,1Story,1Fam
194700,183937.31,6,1362,2,460,1362,NridgHt,1Story,TwnhsE
141000,137781.67,6,848,2,420,848,CollgCr,1Story,TwnhsE
755000,607661.25,10,4316,3,832,2444,NoRidge,2Story,1Fam
335000,309022.12,7,2519,2,628,1210,Timber,2Story,1Fam
108480,114802.086,5,1073,1,326,1073,OldTown,1Story,1Fam
141500,155161.52,5,1539,2,576,927,BrkSide,1.5Fin,1Fam
176000,156805.4,6,1137,2,551,1112,Timber,1Story,1Fam
89000,92119.305,5,616,1,205,616,BrkSide,1Story,1Fam
123500,126505.984,5,1148,1,308,980,Edwards,1Story,1Fam
138500,125246.35,5,894,1,336,894,Sawyer,1Story,1Fam
196000,202059.89,7,1391,2,530,1391,Somerst,1Story,TwnhsE
312500,296122.97,8,1800,3,765,1800,Timber,1Story,1Fam
140000,158679.47,7,1164,2,528,1164,NWAmes,1Story,1Fam
361919,345802.66,8,2576,3,666,1234,StoneBr,2Story,1Fam
140000,136762.61,5,1812,2,672,360,OldTown,2Story,2fmCon
213000,216154.48,7,1484,2,606,1473,CollgCr,1Story,1Fam
55000,57977.1,4,1092,0,0,0,IDOTRR,2Story,2fmCon
302000,276807.0,7,1824,2,739,1643,ClearCr,1Story,1Fam
254000,225199.97,8,1324,2,550,1324,NridgHt,1Story,TwnhsE
179540,173607.94,7,1456,2,400,728,Gilbert,2Story,1Fam
109900,121314.77,5,904,1,408,876,Sawyer,1Story,1Fam
52000,59154.523,3,729,0,0,270,BrkSide,1Story,1Fam
102776,112196.37,4,1178,1,384,859,IDOTRR,1.5Fin,1Fam
189000,188114.78,8,1228,2,472,1228,StoneBr,1Story,TwnhsE
129000,115493.97,4,960,2,576,960,BrkSide,1Story,2fmCon
130500,164760.8,6,1479,2,475,725,Sawyer,2Story,1Fam
165000,161443.42,6,1350,2,478,1064,NWAmes,1Story,1Fam
159500,158003.42,7,2554,2,704,718,OldTown,2Story,1Fam
157000,150403.72,5,1178,2,439,1176,NWAmes,1Story,1Fam
341000,296012.7,7,2418,3,983,1311,NoRidge,2Story,1Fam
128500,125065.86,5,971,1,300,971,CollgCr,1Story,1Fam
275000,286084.28,8,1742,2,564,1742,StoneBr,1Story,1Fam
143000,137781.67,6,848,2,420,848,CollgCr,1Story,TwnhsE
124500,112516.02,4,864,2,463,864,NAmes,1Story,1Fam
135000,123557.125,4,1470,1,548,941,Edwards,1.5Fin,1Fam
320000,303167.22,9,1698,3,768,1698,Edwards,1Story,1Fam
120500,114836.734,4,864,2,660,864,NAmes,1Story,1Fam
222000,207290.61,6,1680,2,540,880,Crawfor,1Story,1Fam
194500,191386.75,7,1232,2,632,1232,CollgCr,1Story,1Fam
110000,124986.984,5,1776,3,888,1584,NAmes,1Story,Duplex
103000,107223.25,4,1208,2,539,780,IDOTRR,1.5Fin,1Fam
236500,254214.88,8,1616,2,608,1595,StoneBr,1Story,TwnhsE
187500,182295.38,7,1146,2,438,868,Timber,SLvl,1Fam
222500,235106.19,7,2031,2,541,1153,CollgCr,2Story,1Fam
131400,124874.28,5,1144,1,264,864,Sawyer,1Story,1Fam
108000,122986.945,5,948,1,300,948,Sawyer,1Story,1Fam
163000,154719.47,7,1768,2,320,880,OldTown,2.5Unf,1Fam
93500,88592.11,3,1040,2,400,0,NAmes,1Story,Duplex
239900,244135.75,8,1801,3,800,893,Gilbert,2Story,1Fam
179000,149812.3,5,1200,0,0,1200,Edwards,1Story,Duplex
190000,202664.92,7,1728,2,572,864,CollgCr,2Story,1Fam
132000,123917.93,5,1432,2,360,264,OldTown,2Story,1Fam
142000,126565.92,6,912,1,288,912,Sawyer,1Story,1Fam
179000,191272.62,7,1349,2,539,1349,SawyerW,1Story,1Fam
175000,159129.55,5,1464,2,480,520,Sawyer,SLvl,1Fam
180000,211199.53,8,1337,2,462,1337,StoneBr,1Story,TwnhsE
299800,299607.78,8,2715,2,831,1142,NWAmes,2Story,1Fam
236000,238658.0,7,2256,2,554,952,Gilbert,2Story,1Fam
265979,272611.4,7,2640,4,864,1240,OldTown,2Story,1Fam
260400,252968.61,7,1720,2,527,1720,NoRidge,1Story,1Fam
98000,107435.97,4,1529,1,240,0,Edwards,1.5Fin,1Fam
96500,86207.74,4,1140,0,0,576,OldTown,1.5Fin,1Fam
162000,167590.73,7,1320,2,400,660,Gilbert,2Story,1Fam
217000,195956.92,6,1494,2,576,1479,CollgCr,1Story,1Fam
275500,286313.16,8,2098,3,878,1030,NridgHt,2Story,1Fam
156000,142123.27,6,1026,2,440,1026,NAmes,1Story,1Fam
172500,163593.17,6,1471,2,440,729,Somerst,2Story,TwnhsE
212000,226201.27,8,1768,2,578,866,CollgCr,2Story,1Fam
158900,151562.23,6,1386,2,440,672,Sawyer,2Story,1Fam
179400,175976.8,7,1501,2,440,744,Somerst,2Story,Twnhs
290000,304919.28,8,2531,3,752,1318,NoRidge,2Story,1Fam
127500,126844.99,6,864,1,300,864,NAmes,1Story,1Fam
100000,140238.86,5,1301,2,440,1145,BrkSide,1Story,1Fam
215200,196521.81,7,1547,2,614,756,Somerst,2Story,1Fam
337000,317397.03,8,2365,3,856,1252,NoRidge,2Story,1Fam
270000,269642.38,8,1494,2,481,1494,Veenker,1Story,TwnhsE
264132,280785.2,9,1506,2,592,1498,Somerst,1Story,1Fam
196500,188467.12,7,1714,2,496,980,NWAmes,2Story,1Fam
160000,161426.47,6,1750,1,423,983,Mitchel,1.5Fin,1Fam
216837,229339.58,7,1836,2,484,1860,CollgCr,1Story,1Fam
538000,539881.9,8,3279,3,841,1650,StoneBr,2Story,1Fam
134900,133504.3,5,858,2,576,858,Sawyer,SFoyer,1Fam
102000,111981.77,4,1220,2,396,836,Edwards,1Story,1Fam
107000,157730.25,6,1117,2,672,1029,Edwards,SLvl,1Fam
114500,121785.555,5,912,1,275,912,NAmes,1Story,1Fam
395000,397279.7,8,1973,3,895,1935,NridgHt,1Story,1Fam
162000,162333.08,6,1204,2,412,1204,Mitchel,1Story,TwnhsE
221500,226820.23,7,1614,3,865,1614,CollgCr,1Story,1Fam
142500,125899.766,5,894,2,440,864,Sawyer,1Story,1Fam
144000,137694.19,5,2020,2,630,0,SawyerW,1Story,Duplex
135000,143482.27,6,1004,2,504,975,Mitchel,SFoyer,Duplex
176000,176881.67,7,1253,2,402,1237,Gilbert,1Story,1Fam
175900,176288.22,6,1603,2,484,761,SawyerW,2Story,1Fam
187100,195840.77,7,1430,2,605,1413,CollgCr,1Story,1Fam
165500,155117.42,5,1110,2,602,1097,Mitchel,SFoyer,1Fam
128000,126812.94,6,1484,0,0,742,OldTown,2.5Unf,1Fam
161500,166934.47,6,1342,2,457,1372,NWAmes,1Story,1Fam
139000,127921.64,5,1652,1,416,686,OldTown,1.5Fin,1Fam
233000,233783.5,7,2084,2,618,956,SawyerW,2Story,1Fam
107900,100747.23,4,901,1,281,901,OldTown,1Story,1Fam
187500,201372.81,6,2087,2,444,832,ClearCr,2Story,1Fam
160200,157786.38,7,1145,2,397,1145,Blmngtn,1Story,TwnhsE
146800,150866.83,6,1062,2,539,1029,Mitchel,SLvl,1Fam
269790,251285.6,7,2013,2,455,1117,NoRidge,2Story,1Fam
225000,240490.73,8,1496,2,474,1496,Somerst,1Story,1Fam
194500,198269.14,7,1895,2,409,712,Gilbert,2Story,1Fam
171000,174652.73,6,1564,2,476,650,SawyerW,2Story,1Fam
143500,138539.88,6,1285,2,528,660,Sawyer,1Story,1Fam
110000,112151.81,5,773,1,240,773,NAmes,1Story,1Fam
485000,488648.72,9,3140,3,820,1926,NridgHt,2Story,1Fam
175000,151986.08,5,1768,1,240,731,SWISU,1.5Fin,1Fam
200000,200731.94,6,1688,2,603,616,ClearCr,2Story,1Fam
109900,121705.15,4,1196,2,440,1196,IDOTRR,1Story,1Fam
189000,172287.0,7,1456,2,410,728,CollgCr,2Story,1Fam
582933,572294.94,9,2822,3,1020,1734,NridgHt,2Story,1Fam
118000,125023.945,5,1128,1,286,936,NAmes,1Story,1Fam
227680,214052.55,7,1428,2,554,1417,Somerst,1Story,1Fam
135500,138830.19,5,980,1,384,980,NAmes,SLvl,1Fam
223500,190890.84,5,1576,2,528,1324,BrkSide,2Story,1Fam
159950,153007.17,5,1086,2,484,1024,NAmes,SLvl,1Fam
106000,115706.69,5,2138,2,360,849,OldTown,2.5Unf,1Fam
181000,158594.0,6,1309,2,484,1040,NWAmes,1Story,1Fam
144500,137781.67,6,848,2,420,848,CollgCr,1Story,TwnhsE
55993,100528.805,5,1044,2,504,540,IDOTRR,1Story,1Fam
157900,153017.81,6,1442,1,301,1442,NAmes,1Story,1Fam
116000,114871.21,5,1250,1,280,686,Edwards,1.5Fin,1Fam
224900,223987.58,7,1661,2,598,1649,CollgCr,1Story,1Fam
137000,127201.37,5,1008,1,275,1008,NAmes,1Story,1Fam
271000,283123.06,8,1689,3,857,1568,Mitchel,1Story,1Fam
155000,161061.6,6,1052,2,440,1010,ClearCr,SLvl,1Fam
224000,205337.84,7,1358,2,484,1358,NridgHt,1Story,TwnhsE
183000,190606.38,7,1640,2,595,798,CollgCr,2Story,1Fam
93000,101486.23,4,936,2,576,936,OldTown,1Story,2fmCon
225000,206205.94,7,1733,2,433,847,Gilbert,2Story,1Fam
139500,139873.12,6,1489,1,240,778,SWISU,1.5Fin,1Fam
232600,251380.88,8,1489,2,776,1489,Somerst,1Story,1Fam
385000,393987.16,10,2084,3,1220,2078,NridgHt,1Story,1Fam
109500,99534.11,5,784,0,0,784,BrkSide,1.5Unf,1Fam
189000,194091.5,7,1434,2,527,1454,SawyerW,1Story,1Fam
185000,187834.11,5,2126,2,538,1013,ClearCr,2Story,1Fam
147400,152930.86,7,1223,2,480,600,Somerst,2Story,Twnhs
166000,161906.62,6,1392,2,458,1392,NAmes,1Story,1Fam
151000,153449.95,7,1200,2,480,600,Somerst,2Story,TwnhsE
237000,224178.98,7,1829,2,613,941,CollgCr,2Story,1Fam
167000,170999.61,6,1516,2,472,1516,NAmes,1Story,1Fam
139950,144538.4,5,1144,2,456,1144,NAmes,1Story,1Fam
128000,132868.61,4,1067,2,436,1067,Sawyer,1Story,1Fam
153500,151148.17,5,1559,2,812,1559,OldTown,1Story,1Fam
100000,90886.0,6,987,1,264,483,BrDale,2Story,Twnhs
144000,137912.34,5,1099,1,352,1099,CollgCr,1Story,1Fam
130500,115812.06,5,1200,1,240,768,Edwards,1.5Fin,1Fam
140000,144412.44,6,1482,1,400,672,SWISU,2Story,1Fam
157500,150053.78,5,1539,2,686,650,OldTown,2Story,1Fam
174900,162482.86,6,1165,2,490,1127,NAmes,SLvl,1Fam
141000,139937.73,5,1800,0,0,1800,NAmes,1Story,Duplex
153900,147088.1,5,1416,3,720,876,OldTown,1.5Fin,1Fam
171000,171587.84,5,1701,2,611,1390,Sawyer,SFoyer,1Fam
213000,190382.97,7,1775,2,425,740,SawyerW,2Story,1Fam
133500,127628.78,5,864,1,338,864,CollgCr,1Story,1Fam
240000,229269.19,6,2358,2,360,907,ClearCr,1.5Fin,1Fam
187000,187804.62,6,1855,2,512,528,Veenker,SLvl,1Fam
131500,137781.67,6,848,2,420,848,CollgCr,1Story,TwnhsE
215000,216976.92,8,1456,2,400,1273,Blmngtn,1Story,TwnhsE
164000,177837.9,7,1646,1,240,918,Crawfor,2.5Unf,1Fam
158000,166712.17,6,1445,2,645,1127,NAmes,SLvl,1Fam
170000,172071.61,5,1779,2,454,1763,Sawyer,1Story,1Fam
127000,130882.805,5,1040,1,260,1040,Sawyer,1Story,1Fam
147000,148240.53,6,1026,2,576,940,CollgCr,SLvl,1Fam
174000,168871.97,6,1481,2,343,702,Gilbert,2Story,1Fam
152000,162435.28,7,1370,2,479,1090,NWAmes,1Story,1Fam
250000,239963.95,6,2654,2,619,1054,NWAmes,2Story,1Fam
189950,174014.11,7,1426,1,216,912,Crawfor,1.5Fin,1Fam
131500,135799.94,5,1039,2,504,1039,Sawyer,1Story,2fmCon
152000,144158.19,6,1097,2,480,1040,SawyerW,1Story,1Fam
132500,138328.14,5,1148,1,672,1148,NAmes,1Story,1Fam
250580,211965.0,7,1372,2,529,1372,Somerst,1Story,1Fam
148500,145765.77,5,1002,2,902,1002,NAmes,1Story,1Fam
248900,257765.08,8,1646,3,870,1638,Timber,1Story,1Fam
129000,135855.69,4,1120,2,544,1040,Sawyer,1Story,1Fam
169000,167306.92,5,2320,2,672,0,Gilbert,2Story,1Fam
236000,229398.11,7,1949,2,574,1050,SawyerW,2Story,1Fam
109500,124208.695,5,894,1,308,894,NAmes,1Story,1Fam
200500,189740.62,6,1682,2,523,804,CollgCr,2Story,1Fam
116000,111665.07,5,910,2,414,105,NAmes,1Story,1Fam
133000,124857.14,5,1268,1,288,832,NAmes,1Story,1Fam
66500,104080.414,5,1131,1,200,676,OldTown,1.5Fin,1Fam
303477,315224.06,8,2610,2,550,1184,Somerst,2Story,1Fam
132250,134353.81,4,1040,2,648,1064,Mitchel,1Story,1Fam
350000,350237.66,9,2224,3,738,1462,NridgHt,2Story,1Fam
148000,146370.22,5,1155,2,576,1109,Sawyer,SFoyer,1Fam
136500,127628.78,5,864,1,336,864,CollgCr,1Story,1Fam
157000,142899.25,5,1090,2,450,1090,Edwards,1Story,1Fam
187500,202351.5,7,1717,2,400,1156,Timber,1.5Fin,1Fam
178000,182719.92,6,1593,2,389,808,Gilbert,2Story,1Fam
118500,131157.23,4,2230,1,440,795,SWISU,2.5Fin,1Fam
100000,120706.32,5,892,1,288,892,NAmes,1Story,1Fam
328900,321269.03,9,1709,2,506,1698,Somerst,1Story,TwnhsE
145000,137751.64,5,1712,2,588,1626,NAmes,1Story,Duplex
135500,117282.97,5,1393,1,300,816,Edwards,1.5Fin,1Fam
268000,271690.84,8,2217,2,621,2217,NAmes,1Story,1Fam
149500,169169.98,6,1505,2,505,1505,NAmes,1Story,1Fam
122900,120991.81,5,924,2,576,672,NAmes,1.5Fin,1Fam
172500,178380.77,6,1683,2,440,918,Sawyer,2Story,1Fam
154500,133641.47,6,1068,1,264,1059,Sawyer,1Story,1Fam
165000,153390.5,5,1383,1,354,1383,Sawyer,1Story,1Fam
118858,126834.49,5,1535,2,400,0,SawyerW,1Story,Duplex
140000,176002.11,6,1796,2,483,780,NAmes,2Story,1Fam
106500,108453.445,4,951,1,327,951,IDOTRR,1Story,1Fam
142953,140641.83,5,2240,2,528,0,SawyerW,2Story,Duplex
611657,413178.66,9,2364,3,820,2330,NridgHt,1Story,1Fam
135000,127654.45,5,1236,1,288,912,Sawyer,1Story,1Fam
110000,109422.414,4,858,1,684,858,NAmes,1Story,1Fam
153000,148490.56,5,1306,1,756,992,NAmes,1Story,1Fam
180000,182044.16,7,1509,2,393,783,Gilbert,2Story,1Fam
240000,238732.11,7,1670,3,690,1670,Gilbert,1Story,1Fam
125500,123014.984,5,902,1,288,876,Sawyer,1Story,1Fam
128000,133128.8,5,1063,1,280,1056,NAmes,1Story,1Fam
255000,257939.81,8,1636,3,865,1623,Somerst,1Story,1Fam
250000,224625.62,7,2057,1,180,1017,Crawfor,1.5Fin,1Fam
131000,131562.19,5,902,2,484,864,Mitchel,1Story,1Fam
174000,179030.9,6,1484,2,390,742,Gilbert,2Story,1Fam
154300,154726.03,5,2274,2,480,1105,NAmes,2Story,Duplex
143500,144075.19,5,1268,1,252,1268,CollgCr,1Story,1Fam
88000,111208.95,5,1015,1,450,768,BrkSide,1Story,1Fam
145000,146381.66,5,2002,3,871,1001,Crawfor,2Story,Duplex
173733,154837.88,6,1224,2,528,612,Somerst,2Story,TwnhsE
75000,88928.53,4,1092,1,286,546,MeadowV,2Story,Twnhs
35311,68358.336,2,480,1,308,480,IDOTRR,1Story,1Fam
135000,134351.25,4,1229,1,284,1134,Edwards,1Story,1Fam
238000,245468.89,7,2127,3,833,1104,SawyerW,2Story,1Fam
176500,170309.22,6,1414,2,601,1184,NAmes,1Story,1Fam
201000,188738.69,6,1721,2,471,928,SawyerW,2Story,1Fam
145900,147945.56,5,2200,0,0,1272,Edwards,1.5Fin,Duplex
169990,170816.45,6,1316,2,397,1316,Gilbert,1Story,1Fam
193000,182324.38,6,1617,2,533,1604,SawyerW,1Story,TwnhsE
207500,198706.47,6,1686,2,612,1686,NWAmes,1Story,1Fam
175000,150331.06,5,1126,2,540,1126,NWAmes,1Story,1Fam
285000,287725.97,8,2374,3,656,1181,NridgHt,2Story,1Fam
176000,196107.34,7,1978,2,486,832,NWAmes,2Story,1Fam
236500,238439.56,8,1788,2,522,1753,CollgCr,1Story,1Fam
222000,228630.56,7,2236,2,642,964,Gilbert,2Story,1Fam
201000,266930.97,8,1466,3,610,1466,Timber,1Story,1Fam
117500,122891.98,5,925,1,429,925,NAmes,1Story,1Fam
320000,325547.88,9,1905,3,788,1905,Somerst,1Story,1Fam
190000,216362.83,7,1500,2,570,1500,CollgCr,1Story,1Fam
242000,218558.73,7,2069,2,505,585,NAmes,1Story,1Fam
79900,85421.164,4,747,2,528,600,BrkSide,1Story,1Fam
184900,186578.81,7,1200,2,555,1176,SawyerW,1Story,1Fam
253000,245032.42,7,1971,2,689,1113,Somerst,2Story,1Fam
239799,246623.83,7,1962,3,868,1391,CollgCr,2Story,1Fam
244400,212157.5,7,2403,1,349,1032,ClearCr,2Story,1Fam
150900,160572.84,6,1728,2,574,1728,Mitchel,1Story,Duplex
214000,223499.47,7,2060,2,390,992,Gilbert,2Story,1Fam
150000,136140.14,4,1440,0,0,1440,Edwards,1Story,Duplex
143000,145326.62,5,1632,2,576,1632,Mitchel,1Story,Duplex
137500,150446.89,6,1344,2,525,819,Timber,SLvl,1Fam
124900,127168.42,5,1869,2,456,1088,OldTown,1.5Fin,1Fam
143000,139440.44,5,1144,1,796,1144,NAmes,SLvl,1Fam
270000,267072.38,8,1629,3,808,1616,Timber,1Story,1Fam
192500,200949.19,7,1776,2,474,936,CollgCr,2Story,1Fam
197500,177442.7,6,1381,2,676,1161,NWAmes,1Story,1Fam
129000,133753.64,5,864,2,720,864,NAmes,1Story,1Fam
119900,117596.64,5,965,1,300,828,SawyerW,1Story,1Fam
133900,128370.37,5,768,1,396,768,CollgCr,SFoyer,1Fam
172000,162183.38,5,1968,2,530,784,Mitchel,2Story,1Fam
127500,122298.25,6,980,0,0,945,Edwards,SFoyer,Duplex
145000,158145.66,6,1958,2,492,979,Crawfor,2Story,Duplex
124000,133647.52,6,1229,2,462,561,Blueste,2Story,TwnhsE
132000,140101.31,5,1057,2,576,1057,Sawyer,1Story,1Fam
185000,192221.12,7,1337,2,531,1337,CollgCr,1Story,1Fam
155000,161649.05,7,1416,2,484,696,Somerst,2Story,Twnhs
116500,106374.945,5,858,0,0,858,BrkSide,1Story,1Fam
272000,267122.28,6,2872,2,619,1330,NWAmes,2Story,1Fam
155000,163808.48,6,1548,2,440,804,NPkVill,2Story,TwnhsE
239000,250361.86,9,1800,2,702,1800,CollgCr,1Story,1Fam
214900,212066.75,7,1894,2,510,817,Timber,2Story,1Fam
178900,179516.11,6,1484,2,393,783,Gilbert,2Story,1Fam
160000,121701.63,5,1308,1,256,728,Crawfor,1.5Fin,1Fam
135000,136299.72,5,1098,1,260,1098,NAmes,1Story,1Fam
37900,50987.816,3,968,0,0,600,OldTown,1.5Fin,1Fam
140000,139865.25,6,1095,1,264,588,NAmes,SLvl,2fmCon
135000,111137.81,4,1192,0,0,720,NAmes,1.5Fin,1Fam
173000,166609.4,7,1626,2,474,764,NridgHt,2Story,Twnhs
99500,114060.914,6,918,1,264,918,SawyerW,1Story,TwnhsE
182000,195242.95,7,1428,2,480,1428,Somerst,1Story,1Fam
167500,190475.39,7,2019,2,532,728,BrkSide,2Story,1Fam
165000,162620.69,7,1382,2,490,673,Somerst,2Story,Twnhs
85500,82787.49,4,869,0,0,440,BrkSide,1Story,1Fam
199900,196477.4,7,1241,2,569,1241,Somerst,1Story,TwnhsE
110000,109849.25,4,894,2,400,894,Edwards,1Story,1Fam
139000,143106.67,5,1121,2,480,1121,Sawyer,1Story,1Fam
178400,177110.55,7,999,2,588,944,NAmes,SFoyer,1Fam
336000,323961.7,8,2612,3,676,1225,NoRidge,2Story,1Fam
159895,173262.2,7,1266,2,388,1266,Blmngtn,1Story,1Fam
255900,258056.5,8,2290,2,779,1128,CollgCr,2Story,1Fam
126000,142662.64,5,1734,2,539,0,Mitchel,1.5Fin,Duplex
125000,132668.66,5,1164,1,240,1164,Edwards,1Story,2fmCon
117000,118007.93,6,1635,1,255,485,OldTown,1.5Fin,1Fam
395192,384852.28,9,1940,3,606,1930,NridgHt,1Story,1Fam
195000,194645.66,6,2030,2,551,848,NWAmes,2Story,1Fam
197000,197289.98,7,1576,2,614,770,Somerst,2Story,1Fam
348000,320581.1,8,2392,3,870,1396,NoRidge,2Story,1Fam
168000,174590.17,8,1742,2,424,916,OldTown,2Story,1Fam
187000,182337.02,6,1851,2,440,822,NAmes,2Story,1Fam
173900,179224.0,6,1500,2,564,750,CollgCr,2Story,1Fam
337500,339154.8,10,1718,3,786,1700,NridgHt,1Story,1Fam
121600,113511.19,4,1230,1,305,747,BrkSide,1.5Fin,1Fam
136500,130713.28,5,1050,1,368,1050,NAmes,1Story,1Fam
185000,181977.33,6,1442,2,615,1442,NWAmes,1Story,1Fam
91000,99487.164,3,1077,1,210,1007,IDOTRR,1Story,1Fam
206000,191759.44,7,1208,2,632,1187,CollgCr,1Story,1Fam
82000,86466.04,3,944,2,528,0,Edwards,1Story,1Fam
86000,93428.76,5,691,1,216,691,OldTown,1Story,1Fam
232000,239891.67,8,1574,3,824,1574,Somerst,1Story,1Fam
136905,144118.25,5,1680,2,528,1680,NWAmes,1Story,Duplex
181000,191515.42,7,1504,2,457,1346,Blmngtn,1Story,TwnhsE
149900,147771.98,5,985,1,328,985,CollgCr,SLvl,1Fam
163500,172458.1,6,1657,2,484,1657,NAmes,1Story,1Fam
88000,87883.06,4,1092,1,286,546,MeadowV,2Story,TwnhsE
240000,240791.33,7,1710,2,550,1710,Mitchel,1Story,1Fam
102000,135243.61,5,1522,0,0,1008,SWISU,1.5Fin,1Fam
135000,122791.29,5,1271,1,312,720,Sawyer,1.5Fin,1Fam
100000,106176.32,5,1664,0,0,0,Edwards,1Story,Duplex
165000,166976.95,6,1502,1,180,602,Crawfor,2Story,1Fam
85000,99709.45,5,1022,1,280,1022,OldTown,1Story,1Fam
119200,132233.19,6,1082,1,240,1082,NAmes,1Story,1Fam
227000,216337.77,8,1665,2,528,810,NWAmes,2Story,1Fam
203000,213042.7,7,1504,2,478,1504,CollgCr,1Story,1Fam
187500,203905.39,8,1360,2,565,1220,StoneBr,1Story,TwnhsE
160000,171274.02,7,1472,2,402,384,Gilbert,SLvl,1Fam
213490,195672.86,7,1506,2,440,1362,Blmngtn,1Story,TwnhsE
176000,146704.44,4,1132,2,451,1132,Edwards,1Story,1Fam
194000,191759.44,7,1220,2,632,1199,CollgCr,1Story,1Fam
87000,98756.516,5,1248,1,160,912,OldTown,1.5Fin,1Fam
191000,193629.81,7,1504,2,437,1346,Blmngtn,1Story,TwnhsE
287000,327073.8,8,2898,2,665,1565,Timber,1Story,1Fam
112500,130933.74,5,882,2,461,882,CollgCr,1Story,1Fam
167500,150640.89,5,1264,2,461,1268,NAmes,1Story,1Fam
293077,260567.72,8,1646,3,800,1638,Timber,1Story,1Fam
105000,123810.48,5,1376,1,240,768,NAmes,1.5Fin,1Fam
118000,116104.03,6,1218,1,264,672,BrDale,2Story,Twnhs
160000,150639.56,5,1928,0,0,686,SWISU,2Story,2fmCon
197000,197516.75,7,3082,2,672,824,SWISU,2.5Fin,1Fam
310000,305861.12,8,2520,3,796,1338,NoRidge,2Story,1Fam
230000,225567.33,7,1654,3,900,1654,CollgCr,1Story,1Fam
119750,126934.69,5,954,1,240,920,Crawfor,1Story,1Fam
84000,84631.68,4,845,1,290,0,Edwards,1Story,1Fam
315500,311608.0,9,1620,3,912,1620,Timber,1Story,1Fam
287000,281355.44,8,2263,2,905,1055,CollgCr,2Story,1Fam
97000,96909.836,4,1344,0,0,546,MeadowV,2Story,Twnhs
80000,82918.78,4,630,1,286,630,MeadowV,SFoyer,TwnhsE
155000,158244.36,5,1803,2,484,1134,Sawyer,1Story,1Fam
173000,180575.8,6,1632,2,484,800,NWAmes,2Story,1Fam
196000,188003.44,6,1306,2,624,1306,NridgHt,1Story,Twnhs
262280,275904.9,7,2329,2,514,1475,SawyerW,2Story,1Fam
278000,278958.75,8,2524,2,542,2524,NWAmes,1Story,1Fam
139600,129785.92,3,1733,2,452,0,Edwards,1Story,1Fam
556581,524606.3,9,2868,3,716,1992,StoneBr,2Story,1Fam
145000,146496.27,5,990,2,672,990,CollgCr,1Story,1Fam
115000,133883.83,5,1771,2,336,0,Mitchel,1Story,1Fam
84900,89264.39,4,930,1,308,0,Edwards,1Story,1Fam
176485,181492.6,7,1302,2,436,1302,Gilbert,1Story,1Fam
200141,190226.72,7,1316,2,440,1316,CollgCr,1Story,1Fam
165000,184761.08,6,1977,2,540,816,NAmes,2Story,1Fam
144500,144835.56,5,1526,1,364,1216,Edwards,1Story,1Fam
255000,247760.98,8,1989,2,586,1065,CollgCr,2Story,1Fam
180000,179577.56,6,1523,2,478,1193,NWAmes,1Story,1Fam
185850,192980.03,7,1364,2,484,1364,NridgHt,1Story,TwnhsE
248000,227514.3,7,1850,2,467,973,NoRidge,2Story,1Fam
335000,336262.47,9,2184,3,836,1104,NridgHt,2Story,1Fam
220000,213026.86,6,1991,2,432,854,Crawfor,1.5Fin,1Fam
213500,222428.62,8,1338,2,582,1338,StoneBr,1Story,TwnhsE
81000,112830.99,3,894,3,1248,894,IDOTRR,1Story,1Fam
90000,108457.99,5,2337,2,560,662,OldTown,2Story,2fmCon
110500,121821.195,6,1103,2,440,1103,OldTown,1Story,1Fam
154000,147682.45,5,1154,2,480,1154,NAmes,1Story,1Fam
328000,292760.44,7,2260,2,533,1306,ClearCr,2Story,1Fam
178000,171484.5,6,1571,2,380,799,Gilbert,2Story,1Fam
167900,176875.06,6,1611,2,442,780,NAmes,2Story,1Fam
151400,162909.84,6,2521,2,576,942,MeadowV,2Story,TwnhsE
135000,131200.3,5,893,2,576,845,NAmes,1.5Unf,1Fam
135000,131082.33,5,1048,1,286,1048,NAmes,1Story,1Fam
154000,174368.0,6,1556,2,441,727,NWAmes,2Story,1Fam
91500,119089.76,5,1456,1,280,810,Edwards,1.5Fin,1Fam
159500,157518.55,6,1426,2,440,690,Edwards,2Story,1Fam
194000,196468.06,7,1240,3,826,1240,CollgCr,1Story,1Fam
219500,207804.34,7,1740,1,240,800,Crawfor,2Story,1Fam
170000,152272.58,5,1466,2,566,796,OldTown,1.5Fin,1Fam
138800,138312.38,5,1096,1,299,1096,NAmes,1Story,1Fam
155900,137781.67,6,848,2,420,848,CollgCr,1Story,TwnhsE
126000,131957.39,5,990,1,299,990,CollgCr,1Story,1Fam
145000,161682.81,6,1258,2,528,1258,NWAmes,1Story,1Fam
133000,135323.83,5,1040,1,308,1040,Sawyer,1Story,1Fam
192000,194804.58,7,1459,2,527,1459,CollgCr,1Story,1Fam
160000,154097.27,6,1251,1,461,1251,NAmes,1Story,1Fam
187500,180802.22,6,1498,2,409,691,Gilbert,2Story,1Fam
147000,150831.2,6,996,2,564,936,SawyerW,SFoyer,1Fam
83500,87883.06,4,1092,1,286,546,MeadowV,2Story,TwnhsE
252000,264827.2,8,1953,3,1043,1082,Somerst,2Story,1Fam
137500,133919.98,7,1709,2,380,970,Edwards,2Story,Twnhs
197000,213197.61,8,1247,2,550,1247,Somerst,1Story,TwnhsE
92900,88592.11,3,1040,2,400,0,NAmes,1Story,Duplex
160000,158939.48,7,1252,2,462,600,Somerst,2Story,Twnhs
136500,177017.23,6,1694,2,576,1181,SWISU,1.5Fin,1Fam
146000,141290.19,5,1200,2,884,864,NAmes,1Story,1Fam
129000,124553.05,5,936,1,308,936,NAmes,1Story,1Fam
176432,173180.66,6,1314,2,440,1314,CollgCr,1Story,1Fam
127000,116349.984,6,1355,0,0,684,IDOTRR,2Story,1Fam
170000,185918.67,8,1088,2,461,1074,StoneBr,1Story,TwnhsE
128000,115159.66,4,1324,1,240,672,BrkSide,1.5Fin,1Fam
157000,174513.66,7,1601,2,478,1271,NWAmes,1Story,1Fam
60000,63835.66,2,438,1,246,290,SWISU,1Story,1Fam
119500,121785.555,5,950,1,280,950,NAmes,1Story,1Fam
135000,130063.78,5,1134,1,254,1010,NAmes,1Story,1Fam
159500,146505.31,6,1194,2,539,655,NAmes,1Story,1Fam
106000,117878.46,5,1302,2,440,630,BrDale,2Story,TwnhsE
325000,329184.75,8,2622,2,712,1463,NoRidge,2Story,1Fam
179900,186224.14,7,1442,2,719,910,SawyerW,1Story,1Fam
274725,240929.42,7,2021,2,422,868,Gilbert,2Story,1Fam
181000,181067.84,6,1690,2,463,924,Gilbert,2Story,1Fam
280000,291422.28,8,1836,3,862,1836,NridgHt,1Story,1Fam
188000,183729.12,6,1658,2,431,773,Gilbert,2Story,1Fam
205000,199652.33,7,1964,2,483,803,NWAmes,2Story,1Fam
129900,121354.97,5,816,1,308,816,NAmes,1Story,1Fam
134500,124848.52,5,1008,1,240,1008,NAmes,1Story,1Fam
117000,112202.54,5,833,1,326,833,OldTown,1Story,1Fam
318000,314075.22,8,1734,3,928,1734,NridgHt,1Story,1Fam
184100,187041.69,8,1419,2,527,408,Gilbert,SLvl,1Fam
130000,128848.24,5,894,2,450,894,Sawyer,1Story,1Fam
140000,143526.44,5,1601,1,300,533,Sawyer,SLvl,1Fam
133700,131082.33,5,1040,1,286,1040,NAmes,1Story,1Fam
118400,116415.234,6,1012,1,308,1012,IDOTRR,1Story,1Fam
212900,217685.34,7,1552,3,782,1552,CollgCr,1Story,1Fam
112000,99843.516,4,960,1,288,672,Edwards,1Story,1Fam
118000,97669.1,5,698,0,0,698,Edwards,1Story,1Fam
163900,171190.25,7,1482,2,392,384,Gilbert,SLvl,1Fam
115000,134483.97,4,1005,2,672,1005,NAmes,1Story,1Fam
174000,185372.86,7,1555,3,660,1373,Blmngtn,1Story,TwnhsE
259000,240650.75,7,1530,3,630,1530,Gilbert,1Story,1Fam
215000,213768.02,7,1959,2,434,847,Gilbert,2Story,1Fam
140000,137775.11,5,936,2,672,936,OldTown,SFoyer,Duplex
135000,141170.94,4,1981,2,576,1122,SWISU,1.5Fin,1Fam
93500,113887.71,5,974,0,0,974,Mitchel,1Story,1Fam
117500,143124.62,6,2210,1,205,1008,OldTown,2Story,1Fam
239500,242115.92,8,2020,2,466,1128,SawyerW,2Story,1Fam
169000,180605.72,6,1600,2,460,916,Gilbert,2Story,1Fam
102000,116199.03,6,986,1,180,960,BrkSide,1Story,1Fam
119000,130187.49,6,1252,1,288,1032,NAmes,1.5Fin,1Fam
94000,97081.09,5,1020,0,0,780,Sawyer,1.5Fin,1Fam
196000,187549.02,6,1567,2,714,1567,Mitchel,1Story,1Fam
144000,138456.44,5,1167,2,495,915,BrkSide,1Story,1Fam
139000,140312.3,5,952,2,840,952,NAmes,1Story,1Fam
197500,167481.33,5,1868,2,484,780,NWAmes,2Story,1Fam
424870,426712.56,8,2828,3,1052,1466,CollgCr,2Story,1Fam
80000,107031.555,5,1006,0,0,1006,Sawyer,1Story,1Fam
80000,90639.55,4,924,1,280,672,Edwards,1.5Fin,2fmCon
149000,143775.17,5,1576,1,225,1042,BrkSide,1.5Fin,1Fam
180000,168296.42,6,1298,2,403,1298,SawyerW,1Story,1Fam
174500,174555.5,7,1564,1,234,704,Crawfor,2Story,1Fam
116900,118908.82,7,1111,1,288,572,OldTown,1.5Fin,1Fam
143000,146340.4,7,1482,2,324,650,OldTown,2Story,1Fam
124000,129271.3,6,932,1,306,932,NAmes,1Story,1Fam
149900,163349.3,5,1466,2,528,1466,Edwards,1Story,1Fam
230000,226306.0,6,1811,2,470,1073,Crawfor,1Story,1Fam
120500,123161.31,6,816,1,432,816,IDOTRR,1Story,1Fam
201800,196085.16,7,1820,2,492,864,NAmes,2Story,1Fam
218000,205296.12,5,1437,2,528,1437,Veenker,1Story,1Fam
179900,156152.23,5,1265,2,502,1219,NAmes,SLvl,1Fam
230000,212223.62,7,1314,2,626,1314,NridgHt,1Story,Twnhs
235128,243024.1,8,1580,3,830,1580,Somerst,1Story,1Fam
185000,191311.48,6,1876,2,540,901,NWAmes,2Story,1Fam
146000,154489.83,6,1456,2,440,855,NPkVill,2Story,Twnhs
224000,211953.45,6,1640,2,924,1296,Crawfor,1Story,1Fam
129000,128848.24,5,894,2,450,894,Sawyer,1Story,1Fam
108959,143094.5,4,1258,2,400,1198,Sawyer,SFoyer,Duplex
194000,192550.25,5,1432,2,588,1360,Veenker,SLvl,1Fam
233170,228574.17,7,1502,2,644,1502,NridgHt,1Story,1Fam
245350,268571.47,8,1694,3,776,1694,CollgCr,1Story,1Fam
173000,179100.45,6,1671,2,472,959,Gilbert,2Story,1Fam
235000,224861.16,6,2108,2,540,1127,Edwards,2Story,1Fam
625000,629961.9,10,3627,3,807,1930,NoRidge,2Story,1Fam
171000,142444.1,6,1118,1,358,1096,Mitchel,SLvl,1Fam
163000,164651.14,6,1261,2,433,1261,NAmes,1Story,1Fam
171900,172770.98,7,1250,2,625,625,Somerst,2Story,TwnhsE
200500,199114.94,5,3086,0,0,1598,ClearCr,1.5Fin,1Fam
239000,228838.25,6,2345,2,360,952,Crawfor,2Story,1Fam
285000,371145.03,8,2872,2,541,1683,NoRidge,1.5Fin,1Fam
119500,120888.66,5,923,1,264,876,Mitchel,1Story,1Fam
115000,110416.125,6,1224,1,210,818,OldTown,1.5Fin,1Fam
154900,117932.805,5,1343,1,186,731,Crawfor,1.5Fin,1Fam
93000,91641.45,5,1124,0,0,0,Edwards,1Story,1Fam
250000,272191.47,7,2514,2,693,1216,Timber,2Story,1Fam
392500,355442.38,8,1652,2,482,1600,Crawfor,1Story,TwnhsE
745000,720645.6,10,4476,3,813,2396,NoRidge,2Story,1Fam
120000,128833.74,5,1130,2,720,1120,OldTown,1Story,1Fam
186700,181086.98,5,1572,3,995,1572,Timber,1Story,1Fam
104900,111662.984,5,1221,1,392,784,Edwards,1.5Fin,1Fam
95000,101547.38,3,1699,2,420,978,OldTown,2Story,2fmCon
262000,265853.28,8,1624,3,757,1624,NoRidge,1Story,1Fam
195000,189792.1,7,1660,2,493,831,CollgCr,2Story,1Fam
189000,201601.69,7,1804,2,442,994,Gilbert,2Story,1Fam
168000,166972.52,4,1622,4,1356,1249,Mitchel,1Story,2fmCon
174000,178966.14,8,1441,2,492,776,Somerst,2Story,Twnhs
125000,123160.24,5,1472,1,250,702,OldTown,1.5Fin,1Fam
165000,163344.77,6,1224,2,402,1224,Mitchel,1Story,TwnhsE
158000,134850.28,6,1352,1,299,663,Sawyer,2Story,1Fam
176000,172528.28,6,1456,2,400,728,Gilbert,2Story,1Fam
219210,221063.9,7,1863,3,660,879,Gilbert,2Story,1Fam
144000,150427.44,7,1690,1,225,815,OldTown,2.5Unf,1Fam
178000,188526.25,7,1212,2,573,1212,CollgCr,1Story,1Fam
148000,141707.77,4,1382,2,459,1051,Sawyer,1Story,1Fam
116050,113430.51,4,864,1,280,864,NAmes,1Story,1Fam
197900,210837.83,7,1779,2,546,866,CollgCr,2Story,1Fam
117000,121686.875,5,1348,1,216,884,BrkSide,1.5Fin,1Fam
213000,217512.2,7,1630,2,451,1630,CollgCr,1Story,1Fam
153500,145254.19,5,1074,2,495,1056,NWAmes,1Story,1Fam
271900,275287.62,7,2196,3,701,2158,SawyerW,1Story,1Fam
107000,119816.734,4,1056,1,384,1056,SawyerW,1Story,1Fam
200000,197721.53,6,1700,2,544,1682,CollgCr,1Story,1Fam
140000,138990.2,5,1283,2,506,931,NAmes,1Story,1Fam
290000,283460.53,8,1660,2,500,1660,Somerst,1Story,1Fam
189000,192007.25,6,1845,2,462,1055,SawyerW,2Story,1Fam
164000,169630.55,8,1752,2,492,559,Gilbert,1.5Fin,1Fam
113000,99209.9,4,672,1,234,672,Edwards,1Story,1Fam
145000,133960.69,4,960,1,364,648,Sawyer,SLvl,1Fam
134500,129478.34,5,999,1,300,925,NAmes,SFoyer,1Fam
125000,117377.87,5,894,1,384,894,Sawyer,1Story,1Fam
112000,171713.66,6,1902,2,539,0,Sawyer,1.5Fin,Duplex
229456,232116.86,8,1314,2,552,1300,Somerst,1Story,1Fam
80500,77110.92,4,912,0,0,0,BrkSide,1.5Fin,1Fam
91500,103950.26,6,1218,0,0,672,BrDale,2Story,Twnhs
115000,121043.26,5,912,1,288,912,NAmes,1Story,1Fam
134000,128784.86,5,1211,1,322,952,Sawyer,1Story,1Fam
143000,154364.95,6,1846,1,315,1040,NAmes,1.5Fin,1Fam
137900,152809.28,5,2136,2,528,2136,NAmes,1Story,1Fam
184000,186085.9,7,1490,2,388,788,Gilbert,2Story,1Fam
145000,145556.84,6,1138,1,264,588,NAmes,SLvl,1Fam
214000,207356.2,6,1933,3,668,894,Somerst,2Story,1Fam
147000,134888.38,5,912,2,576,912,NAmes,1Story,1Fam
367294,362545.8,9,1702,3,1052,1702,NridgHt,1Story,TwnhsE
127000,141866.78,5,1507,1,404,1075,NAmes,SLvl,1Fam
190000,186326.53,5,2620,2,600,1361,Sawyer,1.5Fin,Duplex
132500,143922.77,5,1190,2,540,1106,NAmes,SLvl,Duplex
101800,106254.4,4,1224,2,462,0,NAmes,1Story,Duplex
142000,151462.34,5,1188,2,531,1188,NAmes,1Story,1Fam
130000,137230.44,5,1964,0,0,940,SWISU,2Story,1Fam
138887,145875.1,5,1784,1,180,747,Crawfor,2Story,1Fam
175500,166609.4,7,1626,2,474,764,NridgHt,2Story,Twnhs
195000,208884.25,7,1948,2,434,847,CollgCr,2Story,1Fam
142500,150370.1,6,1141,2,484,1141,SawyerW,1Story,1Fam
265900,255227.67,8,1484,2,472,1476,Timber,1Story,1Fam
224900,205106.95,7,1768,2,543,884,CollgCr,2Story,1Fam
248328,246848.58,7,1689,3,954,1689,Somerst,1Story,1Fam
170000,168765.88,7,1173,2,528,1053,NWAmes,SFoyer,1Fam
465000,392988.1,10,2076,3,850,2076,NridgHt,1Story,1Fam
230000,224311.69,8,1517,2,400,792,Crawfor,2Story,1Fam
178000,181780.05,6,1868,2,477,585,NWAmes,SLvl,1Fam
186500,194718.42,7,1553,2,615,756,Somerst,2Story,1Fam
169900,162128.45,6,1034,3,888,1012,Mitchel,SLvl,1Fam
129500,141443.03,6,2058,2,396,735,OldTown,2.5Unf,1Fam
119000,122196.9,5,988,1,276,876,NAmes,1Story,1Fam
244000,236239.06,7,2110,2,522,2110,NAmes,1Story,1Fam
171750,184403.55,7,1405,2,478,1405,NridgHt,1Story,TwnhsE
130000,121256.03,5,874,1,288,864,Mitchel,1Story,1Fam
294000,288724.25,7,2167,2,518,1192,Veenker,2Story,1Fam
165400,166426.84,7,1656,2,397,746,Edwards,2Story,1Fam
127500,136115.58,6,1367,1,560,884,BrkSide,1.5Fin,1Fam
301500,294904.4,8,1987,2,691,1986,NoRidge,1Story,1Fam
99900,102346.164,5,864,0,0,864,Edwards,1Story,1Fam
190000,181182.86,7,1166,2,400,856,Gilbert,SLvl,1Fam
151000,145519.0,6,1054,2,460,1054,NAmes,1Story,1Fam
181000,180847.88,6,1675,2,502,841,Gilbert,2Story,1Fam
128900,134015.94,5,1050,1,338,1050,NAmes,1Story,1Fam
161500,164561.05,4,1788,1,304,1104,ClearCr,1.5Fin,1Fam
180500,182520.42,6,1824,2,520,764,BrkSide,2Story,1Fam
181000,168115.94,6,1337,2,511,1405,NAmes,1Story,TwnhsE
183900,163005.27,7,1452,2,506,691,Somerst,2Story,TwnhsE
122000,124513.805,7,1889,1,308,925,OldTown,2.5Unf,2fmCon
378500,375311.06,9,2018,3,746,2002,Timber,1Story,1Fam
381000,378937.75,8,3447,3,1014,728,Crawfor,1.5Fin,1Fam
144000,137838.62,5,1524,1,315,874,NAmes,1.5Fin,1Fam
260000,242179.6,7,1524,2,586,1332,ClearCr,1Story,1Fam
185750,188300.75,6,1489,2,462,1489,NWAmes,1Story,1Fam
137000,122603.64,5,935,1,288,935,Sawyer,1Story,1Fam
177000,162306.22,6,1357,1,312,1019,Edwards,SLvl,1Fam
139000,135258.34,5,1250,2,552,661,Crawfor,1.5Fin,1Fam
137000,135163.17,5,1920,2,400,928,NAmes,2Story,Duplex
162000,151177.14,6,1395,2,497,723,NWAmes,2Story,1Fam
197900,198339.2,6,1724,2,480,1680,NWAmes,SLvl,1Fam
237000,247503.97,8,2031,2,577,1128,CollgCr,2Story,1Fam
68400,103354.54,4,1128,2,528,698,IDOTRR,1.5Fin,1Fam
227000,220992.1,7,1573,2,544,1573,CollgCr,1Story,1Fam
180000,186668.44,7,1339,2,484,1309,Timber,1Story,1Fam
150500,144330.19,5,1040,2,484,1040,CollgCr,1Story,1Fam
139000,146149.69,6,1824,0,0,912,Mitchel,2Story,Duplex
169000,173073.67,6,2447,1,336,804,SWISU,1.5Fin,1Fam
132500,126624.68,6,1412,1,280,780,BrkSide,1.5Fin,1Fam
143000,165746.34,6,1328,2,528,1328,NWAmes,1Story,1Fam
190000,193419.4,5,1582,2,390,1624,ClearCr,1Story,1Fam
278000,268334.1,8,1659,2,499,1501,StoneBr,1Story,TwnhsE
281000,278333.44,8,1970,3,753,1085,NridgHt,2Story,1Fam
180500,160577.84,5,1152,2,484,1152,NAmes,SLvl,1Fam
119500,111300.125,5,1302,1,264,630,BrDale,2Story,Twnhs
107500,110082.62,5,2372,1,432,994,OldTown,2Story,1Fam
162900,189879.62,7,1664,2,528,832,NWAmes,2Story,1Fam
115000,123333.45,5,864,2,572,864,Edwards,1Story,1Fam
138500,133819.14,5,1052,1,288,1052,NAmes,1Story,1Fam
155000,149346.33,5,1128,2,525,1120,NAmes,1Story,1Fam
140000,135985.77,6,1072,2,525,547,Edwards,SFoyer,TwnhsE
160000,161099.67,10,5642,2,1418,6110,Edwards,2Story,1Fam
154000,141723.22,5,1246,1,305,1246,NAmes,1Story,1Fam
225000,218885.39,7,1983,2,490,978,Gilbert,2Story,1Fam
177500,172046.67,6,1494,1,213,771,Crawfor,2Story,1Fam
290000,304105.3,8,2526,3,844,1165,NoRidge,2Story,1Fam
232000,228574.6,7,1616,3,834,1616,Somerst,1Story,1Fam
130000,135234.02,7,1708,2,380,976,Edwards,2Story,TwnhsE
325000,320741.53,9,1652,2,840,1652,NridgHt,1Story,1Fam
202500,195378.27,7,1368,2,474,1368,NridgHt,1Story,TwnhsE
138000,140733.47,5,990,2,480,990,CollgCr,1Story,1Fam
147000,134497.39,5,1122,2,528,924,OldTown,1Story,1Fam
179200,166627.7,6,1294,2,496,1278,SawyerW,1Story,1Fam
335000,315902.62,7,1902,2,567,1902,Crawfor,1Story,1Fam
203000,181589.4,7,1274,2,508,1274,CollgCr,1Story,1Fam
302000,302343.38,8,2810,2,750,1453,NoRidge,2Story,1Fam
333168,329158.88,9,2599,3,779,1393,NoRidge,2Story,1Fam
119000,107935.5,4,948,1,280,948,Edwards,1Story,1Fam
206900,195909.11,6,2112,2,576,952,NAmes,2Story,1Fam
295493,269568.28,8,1630,3,860,1622,CollgCr,1Story,1Fam
208900,192022.89,7,1352,2,466,1352,Somerst,1Story,TwnhsE
275000,271247.62,8,1787,3,748,1753,CollgCr,1Story,1Fam
111000,107245.53,4,948,1,248,864,Edwards,1Story,1Fam
156500,166020.8,6,1478,2,442,1478,NAmes,1Story,1Fam
72500,70064.375,3,720,1,287,0,BrkSide,1Story,1Fam
190000,195163.22,7,1923,2,564,750,NoRidge,2Story,1Fam
82500,75962.62,4,708,0,0,420,BrkSide,1Story,1Fam
147000,189803.95,8,1795,3,895,1795,Somerst,1Story,1Fam
55000,57790.24,4,796,0,0,796,IDOTRR,1Story,1Fam
79000,66897.91,3,774,0,0,544,Edwards,1Story,1Fam
130500,121176.03,5,816,1,264,816,Mitchel,1Story,1Fam
256000,255007.94,6,2792,2,520,1510,OldTown,1.5Fin,1Fam
176500,189304.34,7,1632,2,462,935,Gilbert,2Story,1Fam
227000,244484.34,8,1588,3,825,1588,Somerst,1Story,1Fam
132500,141835.8,5,954,2,576,911,CollgCr,SLvl,1Fam
100000,104964.02,4,816,1,288,816,Edwards,1Story,1Fam
125500,127034.18,5,1360,1,297,803,IDOTRR,1.5Fin,1Fam
125000,127489.35,5,1365,2,440,765,BrDale,2Story,TwnhsE
167900,170332.86,6,1334,2,630,1350,NWAmes,1Story,1Fam
135000,144512.34,5,1656,2,506,1656,NWAmes,1Story,Duplex
52500,61354.79,4,693,0,0,693,OldTown,1Story,1Fam
200000,211610.47,7,1861,2,492,916,CollgCr,2Story,1Fam
128500,123923.76,5,864,1,288,864,CollgCr,1Story,1Fam
123000,111673.01,4,872,4,480,858,NAmes,1Story,1Fam
155000,154486.12,6,1114,2,576,1114,SawyerW,1Story,1Fam
228500,246297.72,8,2169,2,647,1284,CollgCr,2Story,1Fam
177000,186386.9,6,1913,2,342,896,Crawfor,1.5Fin,1Fam
155835,170530.0,7,1456,2,440,728,CollgCr,2Story,1Fam
108500,106587.664,4,960,1,308,960,OldTown,1Story,1Fam
262500,256471.44,7,2156,2,508,1568,NWAmes,1Story,1Fam
283463,289744.5,8,1776,3,712,1732,Timber,1Story,1Fam
215000,212494.5,7,1494,2,514,1482,SawyerW,1Story,1Fam
122000,121376.59,8,2358,0,0,684,OldTown,2Story,1Fam
200000,193114.16,5,2634,4,968,1248,NAmes,2Story,Duplex
171000,177055.0,6,1716,2,490,858,NAmes,2Story,1Fam
134900,132574.31,6,1176,2,624,698,BrkSide,1.5Fin,1Fam
410000,410231.2,8,3238,3,666,2033,NoRidge,1.5Fin,1Fam
235000,231119.73,7,1865,3,839,992,CollgCr,2Story,1Fam
170000,180320.55,7,1920,2,487,570,NWAmes,SLvl,1Fam
110000,121546.74,5,892,1,264,864,NAmes,1Story,1Fam
149900,143808.16,5,1078,2,500,1078,NAmes,1Story,1Fam
177500,176175.5,6,1573,2,440,756,Somerst,2Story,Twnhs
315000,342535.44,9,1980,3,770,1980,NridgHt,1Story,1Fam
189000,184953.64,5,2601,2,621,612,SWISU,2Story,1Fam
260000,233529.98,7,1530,2,430,1530,StoneBr,1Story,1Fam
104900,124662.08,4,1738,1,368,715,NAmes,1.5Fin,1Fam
156932,161000.03,6,1412,2,432,616,Gilbert,2Story,1Fam
144152,153449.95,7,1200,2,480,600,Somerst,2Story,TwnhsE
216000,214685.31,7,1674,2,663,814,Somerst,2Story,1Fam
193000,209729.19,7,1790,2,588,873,CollgCr,2Story,1Fam
127000,126432.17,5,1475,1,336,757,MeadowV,2Story,TwnhsE
144000,137781.67,6,848,2,420,848,CollgCr,1Story,TwnhsE
232000,238627.66,8,1668,2,502,1657,CollgCr,1Story,1Fam
105000,107141.516,4,1374,1,338,840,OldTown,1.5Fin,1Fam
165500,152506.67,6,1661,1,377,992,NAmes,SLvl,1Fam
274300,259395.52,7,2097,2,583,1108,CollgCr,2Story,1Fam
466500,478027.0,10,2633,3,804,2633,NoRidge,1Story,1Fam
250000,243150.64,7,1958,3,936,1026,Somerst,2Story,1Fam
239000,255576.33,8,1571,3,722,1571,Timber,1Story,1Fam
91000,100511.81,6,790,1,160,768,SWISU,1Story,1Fam
117000,135418.58,5,1604,2,660,984,Edwards,1.5Fin,1Fam
83000,90886.0,6,987,1,264,483,BrDale,2Story,Twnhs
167500,151725.73,5,1394,2,400,384,Timber,SLvl,1Fam
58500,71595.43,3,864,1,200,864,Edwards,1Story,1Fam
237500,218689.0,6,2117,2,550,1205,NAmes,1Story,1Fam
157000,159521.61,7,1762,2,576,596,OldTown,2Story,1Fam
112000,140203.27,5,1416,2,576,816,Sawyer,1Story,1Fam
105000,103081.89,6,1258,1,280,560,Edwards,1.5Fin,1Fam
125500,115553.33,4,1154,1,240,796,IDOTRR,1.5Fin,1Fam
250000,255876.48,7,2784,2,564,1392,NWAmes,2Story,1Fam
136000,135368.38,6,2526,1,216,714,OldTown,1.5Fin,1Fam
377500,363527.12,9,1746,3,758,1746,Gilbert,1Story,1Fam
131000,133022.16,6,1218,2,440,735,BrkSide,1.5Fin,1Fam
235000,221227.78,7,1525,2,541,1525,CollgCr,1Story,1Fam
124000,131111.94,5,1584,3,792,1584,NAmes,1Story,Duplex
123000,127154.11,5,900,1,288,864,NAmes,SFoyer,1Fam
163000,160395.95,6,1912,2,672,482,OldTown,1.5Fin,2fmCon
246578,188790.98,7,1500,3,648,1356,Blmngtn,1Story,TwnhsE
281213,289336.66,8,2482,3,642,1094,Timber,2Story,1Fam
160000,156819.31,5,1687,2,572,747,Timber,1Story,1Fam
137500,138287.03,5,1513,1,180,939,BrkSide,2Story,1Fam
138000,164635.44,5,1904,1,240,1208,NAmes,1.5Fin,1Fam
137450,139026.92,6,1608,1,216,976,SWISU,1.5Fin,1Fam
120000,115277.57,6,1158,1,208,862,BrkSide,1.5Fin,1Fam
193000,182944.67,6,1593,2,398,839,Gilbert,2Story,1Fam
193879,191050.86,7,1294,2,662,1286,CollgCr,1Story,1Fam
282922,262652.6,8,1464,3,754,1485,Somerst,1Story,1Fam
105000,107866.25,3,1214,3,936,672,OldTown,1.5Fin,1Fam
275000,277167.4,8,1646,2,482,1594,Crawfor,1Story,TwnhsE
133000,130461.3,5,768,2,396,768,CollgCr,SFoyer,1Fam
112000,108268.32,5,833,0,0,833,Mitchel,1Story,1Fam
125500,114089.77,4,1363,2,528,622,OldTown,2Story,1Fam
215000,215364.52,7,2093,2,542,791,NWAmes,2Story,1Fam
230000,224178.98,7,1840,2,622,944,CollgCr,2Story,1Fam
140000,140493.23,6,1668,1,271,856,NAmes,1.5Fin,1Fam
90000,94013.01,4,1040,2,420,0,NAmes,1Story,Duplex
257000,271409.75,8,1844,2,620,1844,SawyerW,1Story,1Fam
207000,186204.16,6,1848,2,370,833,BrkSide,1.5Fin,1Fam
175900,182875.97,7,1569,3,660,1386,Blmngtn,1Story,TwnhsE
122500,116530.22,4,2290,2,560,777,OldTown,2Story,2fmCon
340000,337028.47,8,2450,3,1069,1284,NoRidge,2Story,1Fam
124000,135336.0,5,1144,1,336,1144,NAmes,1Story,1Fam
223000,233205.66,6,1844,2,540,1844,Crawfor,1Story,1Fam
179900,174991.9,6,1416,2,776,708,NWAmes,2Story,1Fam
127500,142699.45,6,1069,2,440,1069,NPkVill,1Story,TwnhsE
136500,137781.67,6,848,2,420,848,CollgCr,1Story,TwnhsE
274970,248688.98,6,2201,2,432,697,Edwards,SLvl,1Fam
144000,142681.72,5,1344,1,484,1024,NAmes,1Story,1Fam
142000,162483.22,6,1252,2,528,1252,NAmes,1Story,1Fam
271000,272001.66,7,2127,2,525,1223,NoRidge,2Story,1Fam
140000,137838.62,5,1558,1,288,913,NAmes,1.5Fin,1Fam
119000,104229.695,5,804,1,240,788,OldTown,1Story,1Fam
182900,178578.94,6,1440,2,467,1440,NWAmes,1Story,1Fam
192140,154246.97,5,1838,2,372,732,Gilbert,2Story,1Fam
143750,138123.97,6,958,2,440,958,NPkVill,1Story,TwnhsE
64500,93332.6,4,968,1,216,656,OldTown,1Story,1Fam
186500,188709.75,6,1792,2,451,936,Gilbert,2Story,1Fam
160000,149264.14,5,1126,2,484,1126,Mitchel,1Story,1Fam
174000,177433.9,6,1537,2,462,1319,NAmes,1Story,1Fam
120500,112330.4,4,864,2,528,864,NAmes,1Story,1Fam
394617,377995.28,8,1932,3,774,1932,NridgHt,1Story,1Fam
149700,151344.75,6,1236,2,923,912,OldTown,1Story,1Fam
197000,184371.98,7,1725,2,550,539,NWAmes,SLvl,1Fam
191000,194666.06,6,2555,2,672,588,Crawfor,2.5Fin,1Fam
149300,137781.67,6,848,2,420,848,CollgCr,1Story,TwnhsE
310000,309225.78,10,2007,3,812,1017,Somerst,2Story,1Fam
121000,118142.52,6,952,1,192,952,BrkSide,1.5Unf,1Fam
179600,196473.45,7,1422,2,626,1422,CollgCr,1Story,1Fam
129000,128046.15,6,913,1,240,814,Sawyer,SFoyer,1Fam
157900,142955.42,5,1188,1,312,1188,Mitchel,1Story,1Fam
240000,243985.77,8,2090,2,556,1220,CollgCr,2Story,1Fam
112000,106529.88,4,1346,1,384,560,Edwards,2Story,1Fam
92000,101056.04,5,630,0,0,630,MeadowV,SFoyer,Twnhs
136000,128059.0,5,1792,0,0,896,NAmes,2Story,Duplex
287090,266873.9,8,1578,3,840,1573,Somerst,1Story,1Fam
145000,138790.98,5,1072,2,525,547,Edwards,SLvl,TwnhsE
84500,121074.625,5,1140,0,0,1140,Mitchel,1Story,1Fam
185000,183126.69,7,1221,2,400,1221,Somerst,1Story,1Fam
175000,178475.52,6,1647,2,460,953,Gilbert,2Story,1Fam
210000,214500.25,6,2073,2,500,1542,NWAmes,1Story,1Fam
266500,268394.06,7,2340,1,252,1152,Crawfor,2Story,1Fam
142125,132861.4,5,1078,1,240,1078,NAmes,1Story,1Fam
147500,140806.06,5,1256,1,276,1256,Edwards,1Story,1Fam
